ISO-10303-21;
HEADER;
FILE_DESCRIPTION(('KiCad electronic assembly'),'2;1');
FILE_NAME('PowerDelivery.step','2026-06-05T20:46:18',('Pcbnew'),('Kicad'
    ),'Open CASCADE STEP processor 7.7','KiCad to STEP converter',
  'Unknown');
FILE_SCHEMA(('AUTOMOTIVE_DESIGN { 1 0 10303 214 1 1 1 1 }'));
ENDSEC;
DATA;
#1 = APPLICATION_PROTOCOL_DEFINITION('international standard',
  'automotive_design',2000,#2);
#2 = APPLICATION_CONTEXT(
  'core data for automotive mechanical design processes');
#3 = SHAPE_DEFINITION_REPRESENTATION(#4,#10);
#4 = PRODUCT_DEFINITION_SHAPE('','',#5);
#5 = PRODUCT_DEFINITION('design','',#6,#9);
#6 = PRODUCT_DEFINITION_FORMATION('','',#7);
#7 = PRODUCT('PowerDelivery 1','PowerDelivery 1','',(#8));
#8 = PRODUCT_CONTEXT('',#2,'mechanical');
#9 = PRODUCT_DEFINITION_CONTEXT('part definition',#2,'design');
#10 = SHAPE_REPRESENTATION('',(#11,#15,#19,#23,#27),#31);
#11 = AXIS2_PLACEMENT_3D('',#12,#13,#14);
#12 = CARTESIAN_POINT('',(0.,0.,0.));
#13 = DIRECTION('',(0.,0.,1.));
#14 = DIRECTION('',(1.,0.,-0.));
#15 = AXIS2_PLACEMENT_3D('',#16,#17,#18);
#16 = CARTESIAN_POINT('',(90.9828,-86.8172,1.65));
#17 = DIRECTION('',(0.,0.,1.));
#18 = DIRECTION('',(1.,0.,0.));
#19 = AXIS2_PLACEMENT_3D('',#20,#21,#22);
#20 = CARTESIAN_POINT('',(90.9828,-94.8436,1.65));
#21 = DIRECTION('',(0.,0.,1.));
#22 = DIRECTION('',(1.,0.,0.));
#23 = AXIS2_PLACEMENT_3D('',#24,#25,#26);
#24 = CARTESIAN_POINT('',(82.4484,-103.124,1.65));
#25 = DIRECTION('',(0.,0.,1.));
#26 = DIRECTION('',(-1.,1.224646799147E-16,0.));
#27 = AXIS2_PLACEMENT_3D('',#28,#29,#30);
#28 = CARTESIAN_POINT('',(0.,0.,0.));
#29 = DIRECTION('',(0.,0.,1.));
#30 = DIRECTION('',(1.,0.,-0.));
#31 = ( GEOMETRIC_REPRESENTATION_CONTEXT(3) 
GLOBAL_UNCERTAINTY_ASSIGNED_CONTEXT((#35)) GLOBAL_UNIT_ASSIGNED_CONTEXT(
(#32,#33,#34)) REPRESENTATION_CONTEXT('Context #1',
  '3D Context with UNIT and UNCERTAINTY') );
#32 = ( LENGTH_UNIT() NAMED_UNIT(*) SI_UNIT(.MILLI.,.METRE.) );
#33 = ( NAMED_UNIT(*) PLANE_ANGLE_UNIT() SI_UNIT($,.RADIAN.) );
#34 = ( NAMED_UNIT(*) SI_UNIT($,.STERADIAN.) SOLID_ANGLE_UNIT() );
#35 = UNCERTAINTY_MEASURE_WITH_UNIT(LENGTH_MEASURE(1.E-07),#32,
  'distance_accuracy_value','confusion accuracy');
#36 = PRODUCT_RELATED_PRODUCT_CATEGORY('part',$,(#7));
#37 = SHAPE_DEFINITION_REPRESENTATION(#38,#44);
#38 = PRODUCT_DEFINITION_SHAPE('','',#39);
#39 = PRODUCT_DEFINITION('design','',#40,#43);
#40 = PRODUCT_DEFINITION_FORMATION('','',#41);
#41 = PRODUCT('PinHeader_1x02_P2.54mm_Vertical',
  'PinHeader_1x02_P2.54mm_Vertical','',(#42));
#42 = PRODUCT_CONTEXT('',#2,'mechanical');
#43 = PRODUCT_DEFINITION_CONTEXT('part definition',#2,'design');
#44 = SHAPE_REPRESENTATION('',(#11,#45),#49);
#45 = AXIS2_PLACEMENT_3D('',#46,#47,#48);
#46 = CARTESIAN_POINT('',(0.,0.,0.));
#47 = DIRECTION('',(0.,0.,1.));
#48 = DIRECTION('',(1.,0.,-0.));
#49 = ( GEOMETRIC_REPRESENTATION_CONTEXT(3) 
GLOBAL_UNCERTAINTY_ASSIGNED_CONTEXT((#53)) GLOBAL_UNIT_ASSIGNED_CONTEXT(
(#50,#51,#52)) REPRESENTATION_CONTEXT('Context #1',
  '3D Context with UNIT and UNCERTAINTY') );
#50 = ( LENGTH_UNIT() NAMED_UNIT(*) SI_UNIT(.MILLI.,.METRE.) );
#51 = ( NAMED_UNIT(*) PLANE_ANGLE_UNIT() SI_UNIT($,.RADIAN.) );
#52 = ( NAMED_UNIT(*) SI_UNIT($,.STERADIAN.) SOLID_ANGLE_UNIT() );
#53 = UNCERTAINTY_MEASURE_WITH_UNIT(LENGTH_MEASURE(1.E-07),#50,
  'distance_accuracy_value','confusion accuracy');
#54 = CONTEXT_DEPENDENT_SHAPE_REPRESENTATION(#55,#57);
#55 = ( REPRESENTATION_RELATIONSHIP('','',#44,#10) 
REPRESENTATION_RELATIONSHIP_WITH_TRANSFORMATION(#56) 
SHAPE_REPRESENTATION_RELATIONSHIP() );
#56 = ITEM_DEFINED_TRANSFORMATION('','',#11,#15);
#57 = PRODUCT_DEFINITION_SHAPE('Placement','Placement of an item',#58);
#58 = NEXT_ASSEMBLY_USAGE_OCCURRENCE('2','J2','',#5,#39,$);
#59 = PRODUCT_RELATED_PRODUCT_CATEGORY('part',$,(#41));
#60 = SHAPE_DEFINITION_REPRESENTATION(#61,#67);
#61 = PRODUCT_DEFINITION_SHAPE('','',#62);
#62 = PRODUCT_DEFINITION('design','',#63,#66);
#63 = PRODUCT_DEFINITION_FORMATION('','',#64);
#64 = PRODUCT('PinHeader_1x02_P254mm_Vertical',
  'PinHeader_1x02_P254mm_Vertical','',(#65));
#65 = PRODUCT_CONTEXT('',#2,'mechanical');
#66 = PRODUCT_DEFINITION_CONTEXT('part definition',#2,'design');
#67 = ADVANCED_BREP_SHAPE_REPRESENTATION('',(#11,#68),#1500);
#68 = MANIFOLD_SOLID_BREP('',#69);
#69 = CLOSED_SHELL('',(#70,#110,#141,#172,#337,#502,#519,#536,#553,#570,
    #587,#604,#621,#638,#655,#672,#684,#715,#739,#763,#780,#811,#835,
    #859,#876,#907,#931,#955,#972,#1003,#1027,#1051,#1068,#1099,#1123,
    #1147,#1164,#1195,#1219,#1243,#1260,#1291,#1315,#1339,#1356,#1387,
    #1411,#1435,#1452,#1464,#1476,#1488));
#70 = ADVANCED_FACE('',(#71),#105,.F.);
#71 = FACE_BOUND('',#72,.F.);
#72 = EDGE_LOOP('',(#73,#83,#91,#99));
#73 = ORIENTED_EDGE('',*,*,#74,.T.);
#74 = EDGE_CURVE('',#75,#77,#79,.T.);
#75 = VERTEX_POINT('',#76);
#76 = CARTESIAN_POINT('',(-1.016,1.27,0.));
#77 = VERTEX_POINT('',#78);
#78 = CARTESIAN_POINT('',(-1.016,1.27,2.54));
#79 = LINE('',#80,#81);
#80 = CARTESIAN_POINT('',(-1.016,1.27,0.));
#81 = VECTOR('',#82,1.);
#82 = DIRECTION('',(0.,0.,1.));
#83 = ORIENTED_EDGE('',*,*,#84,.T.);
#84 = EDGE_CURVE('',#77,#85,#87,.T.);
#85 = VERTEX_POINT('',#86);
#86 = CARTESIAN_POINT('',(-1.27,1.016,2.54));
#87 = LINE('',#88,#89);
#88 = CARTESIAN_POINT('',(-1.016,1.27,2.54));
#89 = VECTOR('',#90,1.);
#90 = DIRECTION('',(-0.707106781187,-0.707106781187,0.));
#91 = ORIENTED_EDGE('',*,*,#92,.F.);
#92 = EDGE_CURVE('',#93,#85,#95,.T.);
#93 = VERTEX_POINT('',#94);
#94 = CARTESIAN_POINT('',(-1.27,1.016,0.));
#95 = LINE('',#96,#97);
#96 = CARTESIAN_POINT('',(-1.27,1.016,0.));
#97 = VECTOR('',#98,1.);
#98 = DIRECTION('',(0.,0.,1.));
#99 = ORIENTED_EDGE('',*,*,#100,.F.);
#100 = EDGE_CURVE('',#75,#93,#101,.T.);
#101 = LINE('',#102,#103);
#102 = CARTESIAN_POINT('',(-1.016,1.27,0.));
#103 = VECTOR('',#104,1.);
#104 = DIRECTION('',(-0.707106781187,-0.707106781187,0.));
#105 = PLANE('',#106);
#106 = AXIS2_PLACEMENT_3D('',#107,#108,#109);
#107 = CARTESIAN_POINT('',(-1.016,1.27,0.));
#108 = DIRECTION('',(0.707106781187,-0.707106781187,0.));
#109 = DIRECTION('',(-0.707106781187,-0.707106781187,0.));
#110 = ADVANCED_FACE('',(#111),#136,.F.);
#111 = FACE_BOUND('',#112,.F.);
#112 = EDGE_LOOP('',(#113,#123,#129,#130));
#113 = ORIENTED_EDGE('',*,*,#114,.T.);
#114 = EDGE_CURVE('',#115,#117,#119,.T.);
#115 = VERTEX_POINT('',#116);
#116 = CARTESIAN_POINT('',(1.016,1.27,0.));
#117 = VERTEX_POINT('',#118);
#118 = CARTESIAN_POINT('',(1.016,1.27,2.54));
#119 = LINE('',#120,#121);
#120 = CARTESIAN_POINT('',(1.016,1.27,0.));
#121 = VECTOR('',#122,1.);
#122 = DIRECTION('',(0.,0.,1.));
#123 = ORIENTED_EDGE('',*,*,#124,.T.);
#124 = EDGE_CURVE('',#117,#77,#125,.T.);
#125 = LINE('',#126,#127);
#126 = CARTESIAN_POINT('',(1.016,1.27,2.54));
#127 = VECTOR('',#128,1.);
#128 = DIRECTION('',(-1.,0.,0.));
#129 = ORIENTED_EDGE('',*,*,#74,.F.);
#130 = ORIENTED_EDGE('',*,*,#131,.F.);
#131 = EDGE_CURVE('',#115,#75,#132,.T.);
#132 = LINE('',#133,#134);
#133 = CARTESIAN_POINT('',(1.016,1.27,0.));
#134 = VECTOR('',#135,1.);
#135 = DIRECTION('',(-1.,0.,0.));
#136 = PLANE('',#137);
#137 = AXIS2_PLACEMENT_3D('',#138,#139,#140);
#138 = CARTESIAN_POINT('',(1.016,1.27,0.));
#139 = DIRECTION('',(0.,-1.,0.));
#140 = DIRECTION('',(-1.,0.,0.));
#141 = ADVANCED_FACE('',(#142),#167,.F.);
#142 = FACE_BOUND('',#143,.F.);
#143 = EDGE_LOOP('',(#144,#145,#153,#161));
#144 = ORIENTED_EDGE('',*,*,#92,.T.);
#145 = ORIENTED_EDGE('',*,*,#146,.T.);
#146 = EDGE_CURVE('',#85,#147,#149,.T.);
#147 = VERTEX_POINT('',#148);
#148 = CARTESIAN_POINT('',(-1.27,-1.016,2.54));
#149 = LINE('',#150,#151);
#150 = CARTESIAN_POINT('',(-1.27,1.016,2.54));
#151 = VECTOR('',#152,1.);
#152 = DIRECTION('',(0.,-1.,0.));
#153 = ORIENTED_EDGE('',*,*,#154,.F.);
#154 = EDGE_CURVE('',#155,#147,#157,.T.);
#155 = VERTEX_POINT('',#156);
#156 = CARTESIAN_POINT('',(-1.27,-1.016,0.));
#157 = LINE('',#158,#159);
#158 = CARTESIAN_POINT('',(-1.27,-1.016,0.));
#159 = VECTOR('',#160,1.);
#160 = DIRECTION('',(0.,0.,1.));
#161 = ORIENTED_EDGE('',*,*,#162,.F.);
#162 = EDGE_CURVE('',#93,#155,#163,.T.);
#163 = LINE('',#164,#165);
#164 = CARTESIAN_POINT('',(-1.27,1.016,0.));
#165 = VECTOR('',#166,1.);
#166 = DIRECTION('',(0.,-1.,0.));
#167 = PLANE('',#168);
#168 = AXIS2_PLACEMENT_3D('',#169,#170,#171);
#169 = CARTESIAN_POINT('',(-1.27,1.016,0.));
#170 = DIRECTION('',(1.,0.,0.));
#171 = DIRECTION('',(0.,-1.,0.));
#172 = ADVANCED_FACE('',(#173,#264,#298),#332,.F.);
#173 = FACE_BOUND('',#174,.F.);
#174 = EDGE_LOOP('',(#175,#176,#177,#185,#193,#201,#209,#217,#225,#233,
    #241,#249,#257,#263));
#175 = ORIENTED_EDGE('',*,*,#100,.T.);
#176 = ORIENTED_EDGE('',*,*,#162,.T.);
#177 = ORIENTED_EDGE('',*,*,#178,.T.);
#178 = EDGE_CURVE('',#155,#179,#181,.T.);
#179 = VERTEX_POINT('',#180);
#180 = CARTESIAN_POINT('',(-1.016,-1.27,0.));
#181 = LINE('',#182,#183);
#182 = CARTESIAN_POINT('',(-1.27,-1.016,0.));
#183 = VECTOR('',#184,1.);
#184 = DIRECTION('',(0.707106781187,-0.707106781187,0.));
#185 = ORIENTED_EDGE('',*,*,#186,.T.);
#186 = EDGE_CURVE('',#179,#187,#189,.T.);
#187 = VERTEX_POINT('',#188);
#188 = CARTESIAN_POINT('',(-1.27,-1.524,0.));
#189 = LINE('',#190,#191);
#190 = CARTESIAN_POINT('',(-1.016,-1.27,0.));
#191 = VECTOR('',#192,1.);
#192 = DIRECTION('',(-0.707106781187,-0.707106781187,0.));
#193 = ORIENTED_EDGE('',*,*,#194,.T.);
#194 = EDGE_CURVE('',#187,#195,#197,.T.);
#195 = VERTEX_POINT('',#196);
#196 = CARTESIAN_POINT('',(-1.27,-3.556,0.));
#197 = LINE('',#198,#199);
#198 = CARTESIAN_POINT('',(-1.27,-1.524,0.));
#199 = VECTOR('',#200,1.);
#200 = DIRECTION('',(0.,-1.,0.));
#201 = ORIENTED_EDGE('',*,*,#202,.T.);
#202 = EDGE_CURVE('',#195,#203,#205,.T.);
#203 = VERTEX_POINT('',#204);
#204 = CARTESIAN_POINT('',(-1.016,-3.81,0.));
#205 = LINE('',#206,#207);
#206 = CARTESIAN_POINT('',(-1.27,-3.556,0.));
#207 = VECTOR('',#208,1.);
#208 = DIRECTION('',(0.707106781187,-0.707106781187,0.));
#209 = ORIENTED_EDGE('',*,*,#210,.T.);
#210 = EDGE_CURVE('',#203,#211,#213,.T.);
#211 = VERTEX_POINT('',#212);
#212 = CARTESIAN_POINT('',(1.016,-3.81,0.));
#213 = LINE('',#214,#215);
#214 = CARTESIAN_POINT('',(-1.016,-3.81,0.));
#215 = VECTOR('',#216,1.);
#216 = DIRECTION('',(1.,0.,0.));
#217 = ORIENTED_EDGE('',*,*,#218,.T.);
#218 = EDGE_CURVE('',#211,#219,#221,.T.);
#219 = VERTEX_POINT('',#220);
#220 = CARTESIAN_POINT('',(1.27,-3.556,0.));
#221 = LINE('',#222,#223);
#222 = CARTESIAN_POINT('',(1.016,-3.81,0.));
#223 = VECTOR('',#224,1.);
#224 = DIRECTION('',(0.707106781187,0.707106781187,0.));
#225 = ORIENTED_EDGE('',*,*,#226,.T.);
#226 = EDGE_CURVE('',#219,#227,#229,.T.);
#227 = VERTEX_POINT('',#228);
#228 = CARTESIAN_POINT('',(1.27,-1.524,0.));
#229 = LINE('',#230,#231);
#230 = CARTESIAN_POINT('',(1.27,-3.556,0.));
#231 = VECTOR('',#232,1.);
#232 = DIRECTION('',(0.,1.,0.));
#233 = ORIENTED_EDGE('',*,*,#234,.T.);
#234 = EDGE_CURVE('',#227,#235,#237,.T.);
#235 = VERTEX_POINT('',#236);
#236 = CARTESIAN_POINT('',(1.016,-1.27,0.));
#237 = LINE('',#238,#239);
#238 = CARTESIAN_POINT('',(1.27,-1.524,0.));
#239 = VECTOR('',#240,1.);
#240 = DIRECTION('',(-0.707106781187,0.707106781187,0.));
#241 = ORIENTED_EDGE('',*,*,#242,.T.);
#242 = EDGE_CURVE('',#235,#243,#245,.T.);
#243 = VERTEX_POINT('',#244);
#244 = CARTESIAN_POINT('',(1.27,-1.016,0.));
#245 = LINE('',#246,#247);
#246 = CARTESIAN_POINT('',(1.016,-1.27,0.));
#247 = VECTOR('',#248,1.);
#248 = DIRECTION('',(0.707106781187,0.707106781187,0.));
#249 = ORIENTED_EDGE('',*,*,#250,.T.);
#250 = EDGE_CURVE('',#243,#251,#253,.T.);
#251 = VERTEX_POINT('',#252);
#252 = CARTESIAN_POINT('',(1.27,1.016,0.));
#253 = LINE('',#254,#255);
#254 = CARTESIAN_POINT('',(1.27,-1.016,0.));
#255 = VECTOR('',#256,1.);
#256 = DIRECTION('',(0.,1.,0.));
#257 = ORIENTED_EDGE('',*,*,#258,.T.);
#258 = EDGE_CURVE('',#251,#115,#259,.T.);
#259 = LINE('',#260,#261);
#260 = CARTESIAN_POINT('',(1.27,1.016,0.));
#261 = VECTOR('',#262,1.);
#262 = DIRECTION('',(-0.707106781187,0.707106781187,0.));
#263 = ORIENTED_EDGE('',*,*,#131,.T.);
#264 = FACE_BOUND('',#265,.F.);
#265 = EDGE_LOOP('',(#266,#276,#284,#292));
#266 = ORIENTED_EDGE('',*,*,#267,.T.);
#267 = EDGE_CURVE('',#268,#270,#272,.T.);
#268 = VERTEX_POINT('',#269);
#269 = CARTESIAN_POINT('',(0.32,-0.32,0.));
#270 = VERTEX_POINT('',#271);
#271 = CARTESIAN_POINT('',(-0.32,-0.32,0.));
#272 = LINE('',#273,#274);
#273 = CARTESIAN_POINT('',(-0.16,-0.32,0.));
#274 = VECTOR('',#275,1.);
#275 = DIRECTION('',(-1.,0.,0.));
#276 = ORIENTED_EDGE('',*,*,#277,.T.);
#277 = EDGE_CURVE('',#270,#278,#280,.T.);
#278 = VERTEX_POINT('',#279);
#279 = CARTESIAN_POINT('',(-0.32,0.32,0.));
#280 = LINE('',#281,#282);
#281 = CARTESIAN_POINT('',(-0.32,-0.795,0.));
#282 = VECTOR('',#283,1.);
#283 = DIRECTION('',(0.,1.,0.));
#284 = ORIENTED_EDGE('',*,*,#285,.F.);
#285 = EDGE_CURVE('',#286,#278,#288,.T.);
#286 = VERTEX_POINT('',#287);
#287 = CARTESIAN_POINT('',(0.32,0.32,0.));
#288 = LINE('',#289,#290);
#289 = CARTESIAN_POINT('',(-0.16,0.32,0.));
#290 = VECTOR('',#291,1.);
#291 = DIRECTION('',(-1.,0.,0.));
#292 = ORIENTED_EDGE('',*,*,#293,.F.);
#293 = EDGE_CURVE('',#268,#286,#294,.T.);
#294 = LINE('',#295,#296);
#295 = CARTESIAN_POINT('',(0.32,-0.795,0.));
#296 = VECTOR('',#297,1.);
#297 = DIRECTION('',(0.,1.,0.));
#298 = FACE_BOUND('',#299,.F.);
#299 = EDGE_LOOP('',(#300,#310,#318,#326));
#300 = ORIENTED_EDGE('',*,*,#301,.T.);
#301 = EDGE_CURVE('',#302,#304,#306,.T.);
#302 = VERTEX_POINT('',#303);
#303 = CARTESIAN_POINT('',(0.32,-2.86,0.));
#304 = VERTEX_POINT('',#305);
#305 = CARTESIAN_POINT('',(-0.32,-2.86,0.));
#306 = LINE('',#307,#308);
#307 = CARTESIAN_POINT('',(-0.16,-2.86,0.));
#308 = VECTOR('',#309,1.);
#309 = DIRECTION('',(-1.,0.,0.));
#310 = ORIENTED_EDGE('',*,*,#311,.T.);
#311 = EDGE_CURVE('',#304,#312,#314,.T.);
#312 = VERTEX_POINT('',#313);
#313 = CARTESIAN_POINT('',(-0.32,-2.22,0.));
#314 = LINE('',#315,#316);
#315 = CARTESIAN_POINT('',(-0.32,-2.065,0.));
#316 = VECTOR('',#317,1.);
#317 = DIRECTION('',(0.,1.,0.));
#318 = ORIENTED_EDGE('',*,*,#319,.F.);
#319 = EDGE_CURVE('',#320,#312,#322,.T.);
#320 = VERTEX_POINT('',#321);
#321 = CARTESIAN_POINT('',(0.32,-2.22,0.));
#322 = LINE('',#323,#324);
#323 = CARTESIAN_POINT('',(-0.16,-2.22,0.));
#324 = VECTOR('',#325,1.);
#325 = DIRECTION('',(-1.,0.,0.));
#326 = ORIENTED_EDGE('',*,*,#327,.F.);
#327 = EDGE_CURVE('',#302,#320,#328,.T.);
#328 = LINE('',#329,#330);
#329 = CARTESIAN_POINT('',(0.32,-2.065,0.));
#330 = VECTOR('',#331,1.);
#331 = DIRECTION('',(0.,1.,0.));
#332 = PLANE('',#333);
#333 = AXIS2_PLACEMENT_3D('',#334,#335,#336);
#334 = CARTESIAN_POINT('',(1.473843703412E-17,-1.27,0.));
#335 = DIRECTION('',(0.,0.,1.));
#336 = DIRECTION('',(1.,0.,-0.));
#337 = ADVANCED_FACE('',(#338,#429,#463),#497,.T.);
#338 = FACE_BOUND('',#339,.T.);
#339 = EDGE_LOOP('',(#340,#341,#342,#350,#358,#366,#374,#382,#390,#398,
    #406,#414,#422,#428));
#340 = ORIENTED_EDGE('',*,*,#84,.T.);
#341 = ORIENTED_EDGE('',*,*,#146,.T.);
#342 = ORIENTED_EDGE('',*,*,#343,.T.);
#343 = EDGE_CURVE('',#147,#344,#346,.T.);
#344 = VERTEX_POINT('',#345);
#345 = CARTESIAN_POINT('',(-1.016,-1.27,2.54));
#346 = LINE('',#347,#348);
#347 = CARTESIAN_POINT('',(-1.27,-1.016,2.54));
#348 = VECTOR('',#349,1.);
#349 = DIRECTION('',(0.707106781187,-0.707106781187,0.));
#350 = ORIENTED_EDGE('',*,*,#351,.T.);
#351 = EDGE_CURVE('',#344,#352,#354,.T.);
#352 = VERTEX_POINT('',#353);
#353 = CARTESIAN_POINT('',(-1.27,-1.524,2.54));
#354 = LINE('',#355,#356);
#355 = CARTESIAN_POINT('',(-1.016,-1.27,2.54));
#356 = VECTOR('',#357,1.);
#357 = DIRECTION('',(-0.707106781187,-0.707106781187,0.));
#358 = ORIENTED_EDGE('',*,*,#359,.T.);
#359 = EDGE_CURVE('',#352,#360,#362,.T.);
#360 = VERTEX_POINT('',#361);
#361 = CARTESIAN_POINT('',(-1.27,-3.556,2.54));
#362 = LINE('',#363,#364);
#363 = CARTESIAN_POINT('',(-1.27,-1.524,2.54));
#364 = VECTOR('',#365,1.);
#365 = DIRECTION('',(0.,-1.,0.));
#366 = ORIENTED_EDGE('',*,*,#367,.T.);
#367 = EDGE_CURVE('',#360,#368,#370,.T.);
#368 = VERTEX_POINT('',#369);
#369 = CARTESIAN_POINT('',(-1.016,-3.81,2.54));
#370 = LINE('',#371,#372);
#371 = CARTESIAN_POINT('',(-1.27,-3.556,2.54));
#372 = VECTOR('',#373,1.);
#373 = DIRECTION('',(0.707106781187,-0.707106781187,0.));
#374 = ORIENTED_EDGE('',*,*,#375,.T.);
#375 = EDGE_CURVE('',#368,#376,#378,.T.);
#376 = VERTEX_POINT('',#377);
#377 = CARTESIAN_POINT('',(1.016,-3.81,2.54));
#378 = LINE('',#379,#380);
#379 = CARTESIAN_POINT('',(-1.016,-3.81,2.54));
#380 = VECTOR('',#381,1.);
#381 = DIRECTION('',(1.,0.,0.));
#382 = ORIENTED_EDGE('',*,*,#383,.T.);
#383 = EDGE_CURVE('',#376,#384,#386,.T.);
#384 = VERTEX_POINT('',#385);
#385 = CARTESIAN_POINT('',(1.27,-3.556,2.54));
#386 = LINE('',#387,#388);
#387 = CARTESIAN_POINT('',(1.016,-3.81,2.54));
#388 = VECTOR('',#389,1.);
#389 = DIRECTION('',(0.707106781187,0.707106781187,0.));
#390 = ORIENTED_EDGE('',*,*,#391,.T.);
#391 = EDGE_CURVE('',#384,#392,#394,.T.);
#392 = VERTEX_POINT('',#393);
#393 = CARTESIAN_POINT('',(1.27,-1.524,2.54));
#394 = LINE('',#395,#396);
#395 = CARTESIAN_POINT('',(1.27,-3.556,2.54));
#396 = VECTOR('',#397,1.);
#397 = DIRECTION('',(0.,1.,0.));
#398 = ORIENTED_EDGE('',*,*,#399,.T.);
#399 = EDGE_CURVE('',#392,#400,#402,.T.);
#400 = VERTEX_POINT('',#401);
#401 = CARTESIAN_POINT('',(1.016,-1.27,2.54));
#402 = LINE('',#403,#404);
#403 = CARTESIAN_POINT('',(1.27,-1.524,2.54));
#404 = VECTOR('',#405,1.);
#405 = DIRECTION('',(-0.707106781187,0.707106781187,0.));
#406 = ORIENTED_EDGE('',*,*,#407,.T.);
#407 = EDGE_CURVE('',#400,#408,#410,.T.);
#408 = VERTEX_POINT('',#409);
#409 = CARTESIAN_POINT('',(1.27,-1.016,2.54));
#410 = LINE('',#411,#412);
#411 = CARTESIAN_POINT('',(1.016,-1.27,2.54));
#412 = VECTOR('',#413,1.);
#413 = DIRECTION('',(0.707106781187,0.707106781187,0.));
#414 = ORIENTED_EDGE('',*,*,#415,.T.);
#415 = EDGE_CURVE('',#408,#416,#418,.T.);
#416 = VERTEX_POINT('',#417);
#417 = CARTESIAN_POINT('',(1.27,1.016,2.54));
#418 = LINE('',#419,#420);
#419 = CARTESIAN_POINT('',(1.27,-1.016,2.54));
#420 = VECTOR('',#421,1.);
#421 = DIRECTION('',(0.,1.,0.));
#422 = ORIENTED_EDGE('',*,*,#423,.T.);
#423 = EDGE_CURVE('',#416,#117,#424,.T.);
#424 = LINE('',#425,#426);
#425 = CARTESIAN_POINT('',(1.27,1.016,2.54));
#426 = VECTOR('',#427,1.);
#427 = DIRECTION('',(-0.707106781187,0.707106781187,0.));
#428 = ORIENTED_EDGE('',*,*,#124,.T.);
#429 = FACE_BOUND('',#430,.T.);
#430 = EDGE_LOOP('',(#431,#441,#449,#457));
#431 = ORIENTED_EDGE('',*,*,#432,.T.);
#432 = EDGE_CURVE('',#433,#435,#437,.T.);
#433 = VERTEX_POINT('',#434);
#434 = CARTESIAN_POINT('',(0.32,-0.32,2.54));
#435 = VERTEX_POINT('',#436);
#436 = CARTESIAN_POINT('',(-0.32,-0.32,2.54));
#437 = LINE('',#438,#439);
#438 = CARTESIAN_POINT('',(-0.16,-0.32,2.54));
#439 = VECTOR('',#440,1.);
#440 = DIRECTION('',(-1.,0.,0.));
#441 = ORIENTED_EDGE('',*,*,#442,.T.);
#442 = EDGE_CURVE('',#435,#443,#445,.T.);
#443 = VERTEX_POINT('',#444);
#444 = CARTESIAN_POINT('',(-0.32,0.32,2.54));
#445 = LINE('',#446,#447);
#446 = CARTESIAN_POINT('',(-0.32,-0.795,2.54));
#447 = VECTOR('',#448,1.);
#448 = DIRECTION('',(0.,1.,0.));
#449 = ORIENTED_EDGE('',*,*,#450,.F.);
#450 = EDGE_CURVE('',#451,#443,#453,.T.);
#451 = VERTEX_POINT('',#452);
#452 = CARTESIAN_POINT('',(0.32,0.32,2.54));
#453 = LINE('',#454,#455);
#454 = CARTESIAN_POINT('',(-0.16,0.32,2.54));
#455 = VECTOR('',#456,1.);
#456 = DIRECTION('',(-1.,0.,0.));
#457 = ORIENTED_EDGE('',*,*,#458,.F.);
#458 = EDGE_CURVE('',#433,#451,#459,.T.);
#459 = LINE('',#460,#461);
#460 = CARTESIAN_POINT('',(0.32,-0.795,2.54));
#461 = VECTOR('',#462,1.);
#462 = DIRECTION('',(0.,1.,0.));
#463 = FACE_BOUND('',#464,.T.);
#464 = EDGE_LOOP('',(#465,#475,#483,#491));
#465 = ORIENTED_EDGE('',*,*,#466,.T.);
#466 = EDGE_CURVE('',#467,#469,#471,.T.);
#467 = VERTEX_POINT('',#468);
#468 = CARTESIAN_POINT('',(0.32,-2.86,2.54));
#469 = VERTEX_POINT('',#470);
#470 = CARTESIAN_POINT('',(-0.32,-2.86,2.54));
#471 = LINE('',#472,#473);
#472 = CARTESIAN_POINT('',(-0.16,-2.86,2.54));
#473 = VECTOR('',#474,1.);
#474 = DIRECTION('',(-1.,0.,0.));
#475 = ORIENTED_EDGE('',*,*,#476,.T.);
#476 = EDGE_CURVE('',#469,#477,#479,.T.);
#477 = VERTEX_POINT('',#478);
#478 = CARTESIAN_POINT('',(-0.32,-2.22,2.54));
#479 = LINE('',#480,#481);
#480 = CARTESIAN_POINT('',(-0.32,-2.065,2.54));
#481 = VECTOR('',#482,1.);
#482 = DIRECTION('',(0.,1.,0.));
#483 = ORIENTED_EDGE('',*,*,#484,.F.);
#484 = EDGE_CURVE('',#485,#477,#487,.T.);
#485 = VERTEX_POINT('',#486);
#486 = CARTESIAN_POINT('',(0.32,-2.22,2.54));
#487 = LINE('',#488,#489);
#488 = CARTESIAN_POINT('',(-0.16,-2.22,2.54));
#489 = VECTOR('',#490,1.);
#490 = DIRECTION('',(-1.,0.,0.));
#491 = ORIENTED_EDGE('',*,*,#492,.F.);
#492 = EDGE_CURVE('',#467,#485,#493,.T.);
#493 = LINE('',#494,#495);
#494 = CARTESIAN_POINT('',(0.32,-2.065,2.54));
#495 = VECTOR('',#496,1.);
#496 = DIRECTION('',(0.,1.,0.));
#497 = PLANE('',#498);
#498 = AXIS2_PLACEMENT_3D('',#499,#500,#501);
#499 = CARTESIAN_POINT('',(1.473843703412E-17,-1.27,2.54));
#500 = DIRECTION('',(0.,0.,1.));
#501 = DIRECTION('',(1.,0.,-0.));
#502 = ADVANCED_FACE('',(#503),#514,.F.);
#503 = FACE_BOUND('',#504,.F.);
#504 = EDGE_LOOP('',(#505,#511,#512,#513));
#505 = ORIENTED_EDGE('',*,*,#506,.T.);
#506 = EDGE_CURVE('',#251,#416,#507,.T.);
#507 = LINE('',#508,#509);
#508 = CARTESIAN_POINT('',(1.27,1.016,0.));
#509 = VECTOR('',#510,1.);
#510 = DIRECTION('',(0.,0.,1.));
#511 = ORIENTED_EDGE('',*,*,#423,.T.);
#512 = ORIENTED_EDGE('',*,*,#114,.F.);
#513 = ORIENTED_EDGE('',*,*,#258,.F.);
#514 = PLANE('',#515);
#515 = AXIS2_PLACEMENT_3D('',#516,#517,#518);
#516 = CARTESIAN_POINT('',(1.27,1.016,0.));
#517 = DIRECTION('',(-0.707106781187,-0.707106781187,0.));
#518 = DIRECTION('',(-0.707106781187,0.707106781187,0.));
#519 = ADVANCED_FACE('',(#520),#531,.F.);
#520 = FACE_BOUND('',#521,.F.);
#521 = EDGE_LOOP('',(#522,#523,#524,#530));
#522 = ORIENTED_EDGE('',*,*,#154,.T.);
#523 = ORIENTED_EDGE('',*,*,#343,.T.);
#524 = ORIENTED_EDGE('',*,*,#525,.F.);
#525 = EDGE_CURVE('',#179,#344,#526,.T.);
#526 = LINE('',#527,#528);
#527 = CARTESIAN_POINT('',(-1.016,-1.27,0.));
#528 = VECTOR('',#529,1.);
#529 = DIRECTION('',(0.,0.,1.));
#530 = ORIENTED_EDGE('',*,*,#178,.F.);
#531 = PLANE('',#532);
#532 = AXIS2_PLACEMENT_3D('',#533,#534,#535);
#533 = CARTESIAN_POINT('',(-1.27,-1.016,0.));
#534 = DIRECTION('',(0.707106781187,0.707106781187,0.));
#535 = DIRECTION('',(0.707106781187,-0.707106781187,0.));
#536 = ADVANCED_FACE('',(#537),#548,.F.);
#537 = FACE_BOUND('',#538,.F.);
#538 = EDGE_LOOP('',(#539,#545,#546,#547));
#539 = ORIENTED_EDGE('',*,*,#540,.T.);
#540 = EDGE_CURVE('',#243,#408,#541,.T.);
#541 = LINE('',#542,#543);
#542 = CARTESIAN_POINT('',(1.27,-1.016,0.));
#543 = VECTOR('',#544,1.);
#544 = DIRECTION('',(0.,0.,1.));
#545 = ORIENTED_EDGE('',*,*,#415,.T.);
#546 = ORIENTED_EDGE('',*,*,#506,.F.);
#547 = ORIENTED_EDGE('',*,*,#250,.F.);
#548 = PLANE('',#549);
#549 = AXIS2_PLACEMENT_3D('',#550,#551,#552);
#550 = CARTESIAN_POINT('',(1.27,-1.016,0.));
#551 = DIRECTION('',(-1.,0.,0.));
#552 = DIRECTION('',(0.,1.,0.));
#553 = ADVANCED_FACE('',(#554),#565,.F.);
#554 = FACE_BOUND('',#555,.F.);
#555 = EDGE_LOOP('',(#556,#557,#558,#564));
#556 = ORIENTED_EDGE('',*,*,#525,.T.);
#557 = ORIENTED_EDGE('',*,*,#351,.T.);
#558 = ORIENTED_EDGE('',*,*,#559,.F.);
#559 = EDGE_CURVE('',#187,#352,#560,.T.);
#560 = LINE('',#561,#562);
#561 = CARTESIAN_POINT('',(-1.27,-1.524,0.));
#562 = VECTOR('',#563,1.);
#563 = DIRECTION('',(0.,0.,1.));
#564 = ORIENTED_EDGE('',*,*,#186,.F.);
#565 = PLANE('',#566);
#566 = AXIS2_PLACEMENT_3D('',#567,#568,#569);
#567 = CARTESIAN_POINT('',(-1.016,-1.27,0.));
#568 = DIRECTION('',(0.707106781187,-0.707106781187,0.));
#569 = DIRECTION('',(-0.707106781187,-0.707106781187,0.));
#570 = ADVANCED_FACE('',(#571),#582,.F.);
#571 = FACE_BOUND('',#572,.F.);
#572 = EDGE_LOOP('',(#573,#579,#580,#581));
#573 = ORIENTED_EDGE('',*,*,#574,.T.);
#574 = EDGE_CURVE('',#235,#400,#575,.T.);
#575 = LINE('',#576,#577);
#576 = CARTESIAN_POINT('',(1.016,-1.27,0.));
#577 = VECTOR('',#578,1.);
#578 = DIRECTION('',(0.,0.,1.));
#579 = ORIENTED_EDGE('',*,*,#407,.T.);
#580 = ORIENTED_EDGE('',*,*,#540,.F.);
#581 = ORIENTED_EDGE('',*,*,#242,.F.);
#582 = PLANE('',#583);
#583 = AXIS2_PLACEMENT_3D('',#584,#585,#586);
#584 = CARTESIAN_POINT('',(1.016,-1.27,0.));
#585 = DIRECTION('',(-0.707106781187,0.707106781187,0.));
#586 = DIRECTION('',(0.707106781187,0.707106781187,0.));
#587 = ADVANCED_FACE('',(#588),#599,.F.);
#588 = FACE_BOUND('',#589,.F.);
#589 = EDGE_LOOP('',(#590,#591,#592,#598));
#590 = ORIENTED_EDGE('',*,*,#559,.T.);
#591 = ORIENTED_EDGE('',*,*,#359,.T.);
#592 = ORIENTED_EDGE('',*,*,#593,.F.);
#593 = EDGE_CURVE('',#195,#360,#594,.T.);
#594 = LINE('',#595,#596);
#595 = CARTESIAN_POINT('',(-1.27,-3.556,0.));
#596 = VECTOR('',#597,1.);
#597 = DIRECTION('',(0.,0.,1.));
#598 = ORIENTED_EDGE('',*,*,#194,.F.);
#599 = PLANE('',#600);
#600 = AXIS2_PLACEMENT_3D('',#601,#602,#603);
#601 = CARTESIAN_POINT('',(-1.27,-1.524,0.));
#602 = DIRECTION('',(1.,0.,0.));
#603 = DIRECTION('',(0.,-1.,0.));
#604 = ADVANCED_FACE('',(#605),#616,.F.);
#605 = FACE_BOUND('',#606,.F.);
#606 = EDGE_LOOP('',(#607,#613,#614,#615));
#607 = ORIENTED_EDGE('',*,*,#608,.T.);
#608 = EDGE_CURVE('',#227,#392,#609,.T.);
#609 = LINE('',#610,#611);
#610 = CARTESIAN_POINT('',(1.27,-1.524,0.));
#611 = VECTOR('',#612,1.);
#612 = DIRECTION('',(0.,0.,1.));
#613 = ORIENTED_EDGE('',*,*,#399,.T.);
#614 = ORIENTED_EDGE('',*,*,#574,.F.);
#615 = ORIENTED_EDGE('',*,*,#234,.F.);
#616 = PLANE('',#617);
#617 = AXIS2_PLACEMENT_3D('',#618,#619,#620);
#618 = CARTESIAN_POINT('',(1.27,-1.524,0.));
#619 = DIRECTION('',(-0.707106781187,-0.707106781187,0.));
#620 = DIRECTION('',(-0.707106781187,0.707106781187,0.));
#621 = ADVANCED_FACE('',(#622),#633,.F.);
#622 = FACE_BOUND('',#623,.F.);
#623 = EDGE_LOOP('',(#624,#625,#626,#632));
#624 = ORIENTED_EDGE('',*,*,#593,.T.);
#625 = ORIENTED_EDGE('',*,*,#367,.T.);
#626 = ORIENTED_EDGE('',*,*,#627,.F.);
#627 = EDGE_CURVE('',#203,#368,#628,.T.);
#628 = LINE('',#629,#630);
#629 = CARTESIAN_POINT('',(-1.016,-3.81,0.));
#630 = VECTOR('',#631,1.);
#631 = DIRECTION('',(0.,0.,1.));
#632 = ORIENTED_EDGE('',*,*,#202,.F.);
#633 = PLANE('',#634);
#634 = AXIS2_PLACEMENT_3D('',#635,#636,#637);
#635 = CARTESIAN_POINT('',(-1.27,-3.556,0.));
#636 = DIRECTION('',(0.707106781187,0.707106781187,0.));
#637 = DIRECTION('',(0.707106781187,-0.707106781187,0.));
#638 = ADVANCED_FACE('',(#639),#650,.F.);
#639 = FACE_BOUND('',#640,.F.);
#640 = EDGE_LOOP('',(#641,#647,#648,#649));
#641 = ORIENTED_EDGE('',*,*,#642,.T.);
#642 = EDGE_CURVE('',#219,#384,#643,.T.);
#643 = LINE('',#644,#645);
#644 = CARTESIAN_POINT('',(1.27,-3.556,0.));
#645 = VECTOR('',#646,1.);
#646 = DIRECTION('',(0.,0.,1.));
#647 = ORIENTED_EDGE('',*,*,#391,.T.);
#648 = ORIENTED_EDGE('',*,*,#608,.F.);
#649 = ORIENTED_EDGE('',*,*,#226,.F.);
#650 = PLANE('',#651);
#651 = AXIS2_PLACEMENT_3D('',#652,#653,#654);
#652 = CARTESIAN_POINT('',(1.27,-3.556,0.));
#653 = DIRECTION('',(-1.,0.,0.));
#654 = DIRECTION('',(0.,1.,0.));
#655 = ADVANCED_FACE('',(#656),#667,.F.);
#656 = FACE_BOUND('',#657,.F.);
#657 = EDGE_LOOP('',(#658,#659,#660,#666));
#658 = ORIENTED_EDGE('',*,*,#627,.T.);
#659 = ORIENTED_EDGE('',*,*,#375,.T.);
#660 = ORIENTED_EDGE('',*,*,#661,.F.);
#661 = EDGE_CURVE('',#211,#376,#662,.T.);
#662 = LINE('',#663,#664);
#663 = CARTESIAN_POINT('',(1.016,-3.81,0.));
#664 = VECTOR('',#665,1.);
#665 = DIRECTION('',(0.,0.,1.));
#666 = ORIENTED_EDGE('',*,*,#210,.F.);
#667 = PLANE('',#668);
#668 = AXIS2_PLACEMENT_3D('',#669,#670,#671);
#669 = CARTESIAN_POINT('',(-1.016,-3.81,0.));
#670 = DIRECTION('',(0.,1.,0.));
#671 = DIRECTION('',(1.,0.,0.));
#672 = ADVANCED_FACE('',(#673),#679,.F.);
#673 = FACE_BOUND('',#674,.F.);
#674 = EDGE_LOOP('',(#675,#676,#677,#678));
#675 = ORIENTED_EDGE('',*,*,#661,.T.);
#676 = ORIENTED_EDGE('',*,*,#383,.T.);
#677 = ORIENTED_EDGE('',*,*,#642,.F.);
#678 = ORIENTED_EDGE('',*,*,#218,.F.);
#679 = PLANE('',#680);
#680 = AXIS2_PLACEMENT_3D('',#681,#682,#683);
#681 = CARTESIAN_POINT('',(1.016,-3.81,0.));
#682 = DIRECTION('',(-0.707106781187,0.707106781187,0.));
#683 = DIRECTION('',(0.707106781187,0.707106781187,0.));
#684 = ADVANCED_FACE('',(#685),#710,.F.);
#685 = FACE_BOUND('',#686,.F.);
#686 = EDGE_LOOP('',(#687,#695,#703,#709));
#687 = ORIENTED_EDGE('',*,*,#688,.F.);
#688 = EDGE_CURVE('',#689,#268,#691,.T.);
#689 = VERTEX_POINT('',#690);
#690 = CARTESIAN_POINT('',(0.32,-0.32,-2.84));
#691 = LINE('',#692,#693);
#692 = CARTESIAN_POINT('',(0.32,-0.32,-3.));
#693 = VECTOR('',#694,1.);
#694 = DIRECTION('',(0.,0.,1.));
#695 = ORIENTED_EDGE('',*,*,#696,.F.);
#696 = EDGE_CURVE('',#697,#689,#699,.T.);
#697 = VERTEX_POINT('',#698);
#698 = CARTESIAN_POINT('',(-0.32,-0.32,-2.84));
#699 = LINE('',#700,#701);
#700 = CARTESIAN_POINT('',(-0.32,-0.32,-2.84));
#701 = VECTOR('',#702,1.);
#702 = DIRECTION('',(1.,0.,0.));
#703 = ORIENTED_EDGE('',*,*,#704,.T.);
#704 = EDGE_CURVE('',#697,#270,#705,.T.);
#705 = LINE('',#706,#707);
#706 = CARTESIAN_POINT('',(-0.32,-0.32,-3.));
#707 = VECTOR('',#708,1.);
#708 = DIRECTION('',(0.,0.,1.));
#709 = ORIENTED_EDGE('',*,*,#267,.F.);
#710 = PLANE('',#711);
#711 = AXIS2_PLACEMENT_3D('',#712,#713,#714);
#712 = CARTESIAN_POINT('',(-0.32,-0.32,-3.));
#713 = DIRECTION('',(0.,1.,0.));
#714 = DIRECTION('',(0.,-0.,1.));
#715 = ADVANCED_FACE('',(#716),#734,.T.);
#716 = FACE_BOUND('',#717,.T.);
#717 = EDGE_LOOP('',(#718,#719,#727,#733));
#718 = ORIENTED_EDGE('',*,*,#688,.F.);
#719 = ORIENTED_EDGE('',*,*,#720,.T.);
#720 = EDGE_CURVE('',#689,#721,#723,.T.);
#721 = VERTEX_POINT('',#722);
#722 = CARTESIAN_POINT('',(0.32,0.32,-2.84));
#723 = LINE('',#724,#725);
#724 = CARTESIAN_POINT('',(0.32,-0.32,-2.84));
#725 = VECTOR('',#726,1.);
#726 = DIRECTION('',(0.,1.,0.));
#727 = ORIENTED_EDGE('',*,*,#728,.T.);
#728 = EDGE_CURVE('',#721,#286,#729,.T.);
#729 = LINE('',#730,#731);
#730 = CARTESIAN_POINT('',(0.32,0.32,-3.));
#731 = VECTOR('',#732,1.);
#732 = DIRECTION('',(0.,0.,1.));
#733 = ORIENTED_EDGE('',*,*,#293,.F.);
#734 = PLANE('',#735);
#735 = AXIS2_PLACEMENT_3D('',#736,#737,#738);
#736 = CARTESIAN_POINT('',(0.32,-0.32,-3.));
#737 = DIRECTION('',(1.,0.,0.));
#738 = DIRECTION('',(0.,0.,1.));
#739 = ADVANCED_FACE('',(#740),#758,.T.);
#740 = FACE_BOUND('',#741,.T.);
#741 = EDGE_LOOP('',(#742,#743,#751,#757));
#742 = ORIENTED_EDGE('',*,*,#728,.F.);
#743 = ORIENTED_EDGE('',*,*,#744,.F.);
#744 = EDGE_CURVE('',#745,#721,#747,.T.);
#745 = VERTEX_POINT('',#746);
#746 = CARTESIAN_POINT('',(-0.32,0.32,-2.84));
#747 = LINE('',#748,#749);
#748 = CARTESIAN_POINT('',(-0.32,0.32,-2.84));
#749 = VECTOR('',#750,1.);
#750 = DIRECTION('',(1.,0.,0.));
#751 = ORIENTED_EDGE('',*,*,#752,.T.);
#752 = EDGE_CURVE('',#745,#278,#753,.T.);
#753 = LINE('',#754,#755);
#754 = CARTESIAN_POINT('',(-0.32,0.32,-3.));
#755 = VECTOR('',#756,1.);
#756 = DIRECTION('',(0.,0.,1.));
#757 = ORIENTED_EDGE('',*,*,#285,.F.);
#758 = PLANE('',#759);
#759 = AXIS2_PLACEMENT_3D('',#760,#761,#762);
#760 = CARTESIAN_POINT('',(-0.32,0.32,-3.));
#761 = DIRECTION('',(0.,1.,0.));
#762 = DIRECTION('',(0.,-0.,1.));
#763 = ADVANCED_FACE('',(#764),#775,.F.);
#764 = FACE_BOUND('',#765,.F.);
#765 = EDGE_LOOP('',(#766,#767,#773,#774));
#766 = ORIENTED_EDGE('',*,*,#704,.F.);
#767 = ORIENTED_EDGE('',*,*,#768,.T.);
#768 = EDGE_CURVE('',#697,#745,#769,.T.);
#769 = LINE('',#770,#771);
#770 = CARTESIAN_POINT('',(-0.32,-0.32,-2.84));
#771 = VECTOR('',#772,1.);
#772 = DIRECTION('',(0.,1.,0.));
#773 = ORIENTED_EDGE('',*,*,#752,.T.);
#774 = ORIENTED_EDGE('',*,*,#277,.F.);
#775 = PLANE('',#776);
#776 = AXIS2_PLACEMENT_3D('',#777,#778,#779);
#777 = CARTESIAN_POINT('',(-0.32,-0.32,-3.));
#778 = DIRECTION('',(1.,0.,0.));
#779 = DIRECTION('',(0.,0.,1.));
#780 = ADVANCED_FACE('',(#781),#806,.F.);
#781 = FACE_BOUND('',#782,.F.);
#782 = EDGE_LOOP('',(#783,#791,#799,#805));
#783 = ORIENTED_EDGE('',*,*,#784,.F.);
#784 = EDGE_CURVE('',#785,#302,#787,.T.);
#785 = VERTEX_POINT('',#786);
#786 = CARTESIAN_POINT('',(0.32,-2.86,-2.84));
#787 = LINE('',#788,#789);
#788 = CARTESIAN_POINT('',(0.32,-2.86,-3.));
#789 = VECTOR('',#790,1.);
#790 = DIRECTION('',(0.,0.,1.));
#791 = ORIENTED_EDGE('',*,*,#792,.F.);
#792 = EDGE_CURVE('',#793,#785,#795,.T.);
#793 = VERTEX_POINT('',#794);
#794 = CARTESIAN_POINT('',(-0.32,-2.86,-2.84));
#795 = LINE('',#796,#797);
#796 = CARTESIAN_POINT('',(-0.32,-2.86,-2.84));
#797 = VECTOR('',#798,1.);
#798 = DIRECTION('',(1.,0.,0.));
#799 = ORIENTED_EDGE('',*,*,#800,.T.);
#800 = EDGE_CURVE('',#793,#304,#801,.T.);
#801 = LINE('',#802,#803);
#802 = CARTESIAN_POINT('',(-0.32,-2.86,-3.));
#803 = VECTOR('',#804,1.);
#804 = DIRECTION('',(0.,0.,1.));
#805 = ORIENTED_EDGE('',*,*,#301,.F.);
#806 = PLANE('',#807);
#807 = AXIS2_PLACEMENT_3D('',#808,#809,#810);
#808 = CARTESIAN_POINT('',(-0.32,-2.86,-3.));
#809 = DIRECTION('',(0.,1.,0.));
#810 = DIRECTION('',(0.,-0.,1.));
#811 = ADVANCED_FACE('',(#812),#830,.T.);
#812 = FACE_BOUND('',#813,.T.);
#813 = EDGE_LOOP('',(#814,#815,#823,#829));
#814 = ORIENTED_EDGE('',*,*,#784,.F.);
#815 = ORIENTED_EDGE('',*,*,#816,.T.);
#816 = EDGE_CURVE('',#785,#817,#819,.T.);
#817 = VERTEX_POINT('',#818);
#818 = CARTESIAN_POINT('',(0.32,-2.22,-2.84));
#819 = LINE('',#820,#821);
#820 = CARTESIAN_POINT('',(0.32,-2.86,-2.84));
#821 = VECTOR('',#822,1.);
#822 = DIRECTION('',(0.,1.,0.));
#823 = ORIENTED_EDGE('',*,*,#824,.T.);
#824 = EDGE_CURVE('',#817,#320,#825,.T.);
#825 = LINE('',#826,#827);
#826 = CARTESIAN_POINT('',(0.32,-2.22,-3.));
#827 = VECTOR('',#828,1.);
#828 = DIRECTION('',(0.,0.,1.));
#829 = ORIENTED_EDGE('',*,*,#327,.F.);
#830 = PLANE('',#831);
#831 = AXIS2_PLACEMENT_3D('',#832,#833,#834);
#832 = CARTESIAN_POINT('',(0.32,-2.86,-3.));
#833 = DIRECTION('',(1.,0.,0.));
#834 = DIRECTION('',(0.,0.,1.));
#835 = ADVANCED_FACE('',(#836),#854,.T.);
#836 = FACE_BOUND('',#837,.T.);
#837 = EDGE_LOOP('',(#838,#839,#847,#853));
#838 = ORIENTED_EDGE('',*,*,#824,.F.);
#839 = ORIENTED_EDGE('',*,*,#840,.F.);
#840 = EDGE_CURVE('',#841,#817,#843,.T.);
#841 = VERTEX_POINT('',#842);
#842 = CARTESIAN_POINT('',(-0.32,-2.22,-2.84));
#843 = LINE('',#844,#845);
#844 = CARTESIAN_POINT('',(-0.32,-2.22,-2.84));
#845 = VECTOR('',#846,1.);
#846 = DIRECTION('',(1.,0.,0.));
#847 = ORIENTED_EDGE('',*,*,#848,.T.);
#848 = EDGE_CURVE('',#841,#312,#849,.T.);
#849 = LINE('',#850,#851);
#850 = CARTESIAN_POINT('',(-0.32,-2.22,-3.));
#851 = VECTOR('',#852,1.);
#852 = DIRECTION('',(0.,0.,1.));
#853 = ORIENTED_EDGE('',*,*,#319,.F.);
#854 = PLANE('',#855);
#855 = AXIS2_PLACEMENT_3D('',#856,#857,#858);
#856 = CARTESIAN_POINT('',(-0.32,-2.22,-3.));
#857 = DIRECTION('',(0.,1.,0.));
#858 = DIRECTION('',(0.,-0.,1.));
#859 = ADVANCED_FACE('',(#860),#871,.F.);
#860 = FACE_BOUND('',#861,.F.);
#861 = EDGE_LOOP('',(#862,#863,#869,#870));
#862 = ORIENTED_EDGE('',*,*,#800,.F.);
#863 = ORIENTED_EDGE('',*,*,#864,.T.);
#864 = EDGE_CURVE('',#793,#841,#865,.T.);
#865 = LINE('',#866,#867);
#866 = CARTESIAN_POINT('',(-0.32,-2.86,-2.84));
#867 = VECTOR('',#868,1.);
#868 = DIRECTION('',(0.,1.,0.));
#869 = ORIENTED_EDGE('',*,*,#848,.T.);
#870 = ORIENTED_EDGE('',*,*,#311,.F.);
#871 = PLANE('',#872);
#872 = AXIS2_PLACEMENT_3D('',#873,#874,#875);
#873 = CARTESIAN_POINT('',(-0.32,-2.86,-3.));
#874 = DIRECTION('',(1.,0.,0.));
#875 = DIRECTION('',(0.,0.,1.));
#876 = ADVANCED_FACE('',(#877),#902,.F.);
#877 = FACE_BOUND('',#878,.F.);
#878 = EDGE_LOOP('',(#879,#887,#888,#896));
#879 = ORIENTED_EDGE('',*,*,#880,.F.);
#880 = EDGE_CURVE('',#433,#881,#883,.T.);
#881 = VERTEX_POINT('',#882);
#882 = CARTESIAN_POINT('',(0.32,-0.32,8.38));
#883 = LINE('',#884,#885);
#884 = CARTESIAN_POINT('',(0.32,-0.32,-3.));
#885 = VECTOR('',#886,1.);
#886 = DIRECTION('',(0.,0.,1.));
#887 = ORIENTED_EDGE('',*,*,#432,.T.);
#888 = ORIENTED_EDGE('',*,*,#889,.T.);
#889 = EDGE_CURVE('',#435,#890,#892,.T.);
#890 = VERTEX_POINT('',#891);
#891 = CARTESIAN_POINT('',(-0.32,-0.32,8.38));
#892 = LINE('',#893,#894);
#893 = CARTESIAN_POINT('',(-0.32,-0.32,-3.));
#894 = VECTOR('',#895,1.);
#895 = DIRECTION('',(0.,0.,1.));
#896 = ORIENTED_EDGE('',*,*,#897,.T.);
#897 = EDGE_CURVE('',#890,#881,#898,.T.);
#898 = LINE('',#899,#900);
#899 = CARTESIAN_POINT('',(-0.32,-0.32,8.38));
#900 = VECTOR('',#901,1.);
#901 = DIRECTION('',(1.,0.,0.));
#902 = PLANE('',#903);
#903 = AXIS2_PLACEMENT_3D('',#904,#905,#906);
#904 = CARTESIAN_POINT('',(-0.32,-0.32,-3.));
#905 = DIRECTION('',(0.,1.,0.));
#906 = DIRECTION('',(0.,-0.,1.));
#907 = ADVANCED_FACE('',(#908),#926,.T.);
#908 = FACE_BOUND('',#909,.T.);
#909 = EDGE_LOOP('',(#910,#911,#912,#920));
#910 = ORIENTED_EDGE('',*,*,#880,.F.);
#911 = ORIENTED_EDGE('',*,*,#458,.T.);
#912 = ORIENTED_EDGE('',*,*,#913,.T.);
#913 = EDGE_CURVE('',#451,#914,#916,.T.);
#914 = VERTEX_POINT('',#915);
#915 = CARTESIAN_POINT('',(0.32,0.32,8.38));
#916 = LINE('',#917,#918);
#917 = CARTESIAN_POINT('',(0.32,0.32,-3.));
#918 = VECTOR('',#919,1.);
#919 = DIRECTION('',(0.,0.,1.));
#920 = ORIENTED_EDGE('',*,*,#921,.F.);
#921 = EDGE_CURVE('',#881,#914,#922,.T.);
#922 = LINE('',#923,#924);
#923 = CARTESIAN_POINT('',(0.32,-0.32,8.38));
#924 = VECTOR('',#925,1.);
#925 = DIRECTION('',(0.,1.,0.));
#926 = PLANE('',#927);
#927 = AXIS2_PLACEMENT_3D('',#928,#929,#930);
#928 = CARTESIAN_POINT('',(0.32,-0.32,-3.));
#929 = DIRECTION('',(1.,0.,0.));
#930 = DIRECTION('',(0.,0.,1.));
#931 = ADVANCED_FACE('',(#932),#950,.T.);
#932 = FACE_BOUND('',#933,.T.);
#933 = EDGE_LOOP('',(#934,#935,#936,#944));
#934 = ORIENTED_EDGE('',*,*,#913,.F.);
#935 = ORIENTED_EDGE('',*,*,#450,.T.);
#936 = ORIENTED_EDGE('',*,*,#937,.T.);
#937 = EDGE_CURVE('',#443,#938,#940,.T.);
#938 = VERTEX_POINT('',#939);
#939 = CARTESIAN_POINT('',(-0.32,0.32,8.38));
#940 = LINE('',#941,#942);
#941 = CARTESIAN_POINT('',(-0.32,0.32,-3.));
#942 = VECTOR('',#943,1.);
#943 = DIRECTION('',(0.,0.,1.));
#944 = ORIENTED_EDGE('',*,*,#945,.T.);
#945 = EDGE_CURVE('',#938,#914,#946,.T.);
#946 = LINE('',#947,#948);
#947 = CARTESIAN_POINT('',(-0.32,0.32,8.38));
#948 = VECTOR('',#949,1.);
#949 = DIRECTION('',(1.,0.,0.));
#950 = PLANE('',#951);
#951 = AXIS2_PLACEMENT_3D('',#952,#953,#954);
#952 = CARTESIAN_POINT('',(-0.32,0.32,-3.));
#953 = DIRECTION('',(0.,1.,0.));
#954 = DIRECTION('',(0.,-0.,1.));
#955 = ADVANCED_FACE('',(#956),#967,.F.);
#956 = FACE_BOUND('',#957,.F.);
#957 = EDGE_LOOP('',(#958,#959,#960,#961));
#958 = ORIENTED_EDGE('',*,*,#889,.F.);
#959 = ORIENTED_EDGE('',*,*,#442,.T.);
#960 = ORIENTED_EDGE('',*,*,#937,.T.);
#961 = ORIENTED_EDGE('',*,*,#962,.F.);
#962 = EDGE_CURVE('',#890,#938,#963,.T.);
#963 = LINE('',#964,#965);
#964 = CARTESIAN_POINT('',(-0.32,-0.32,8.38));
#965 = VECTOR('',#966,1.);
#966 = DIRECTION('',(0.,1.,0.));
#967 = PLANE('',#968);
#968 = AXIS2_PLACEMENT_3D('',#969,#970,#971);
#969 = CARTESIAN_POINT('',(-0.32,-0.32,-3.));
#970 = DIRECTION('',(1.,0.,0.));
#971 = DIRECTION('',(0.,0.,1.));
#972 = ADVANCED_FACE('',(#973),#998,.F.);
#973 = FACE_BOUND('',#974,.F.);
#974 = EDGE_LOOP('',(#975,#983,#984,#992));
#975 = ORIENTED_EDGE('',*,*,#976,.F.);
#976 = EDGE_CURVE('',#467,#977,#979,.T.);
#977 = VERTEX_POINT('',#978);
#978 = CARTESIAN_POINT('',(0.32,-2.86,8.38));
#979 = LINE('',#980,#981);
#980 = CARTESIAN_POINT('',(0.32,-2.86,-3.));
#981 = VECTOR('',#982,1.);
#982 = DIRECTION('',(0.,0.,1.));
#983 = ORIENTED_EDGE('',*,*,#466,.T.);
#984 = ORIENTED_EDGE('',*,*,#985,.T.);
#985 = EDGE_CURVE('',#469,#986,#988,.T.);
#986 = VERTEX_POINT('',#987);
#987 = CARTESIAN_POINT('',(-0.32,-2.86,8.38));
#988 = LINE('',#989,#990);
#989 = CARTESIAN_POINT('',(-0.32,-2.86,-3.));
#990 = VECTOR('',#991,1.);
#991 = DIRECTION('',(0.,0.,1.));
#992 = ORIENTED_EDGE('',*,*,#993,.T.);
#993 = EDGE_CURVE('',#986,#977,#994,.T.);
#994 = LINE('',#995,#996);
#995 = CARTESIAN_POINT('',(-0.32,-2.86,8.38));
#996 = VECTOR('',#997,1.);
#997 = DIRECTION('',(1.,0.,0.));
#998 = PLANE('',#999);
#999 = AXIS2_PLACEMENT_3D('',#1000,#1001,#1002);
#1000 = CARTESIAN_POINT('',(-0.32,-2.86,-3.));
#1001 = DIRECTION('',(0.,1.,0.));
#1002 = DIRECTION('',(0.,-0.,1.));
#1003 = ADVANCED_FACE('',(#1004),#1022,.T.);
#1004 = FACE_BOUND('',#1005,.T.);
#1005 = EDGE_LOOP('',(#1006,#1007,#1008,#1016));
#1006 = ORIENTED_EDGE('',*,*,#976,.F.);
#1007 = ORIENTED_EDGE('',*,*,#492,.T.);
#1008 = ORIENTED_EDGE('',*,*,#1009,.T.);
#1009 = EDGE_CURVE('',#485,#1010,#1012,.T.);
#1010 = VERTEX_POINT('',#1011);
#1011 = CARTESIAN_POINT('',(0.32,-2.22,8.38));
#1012 = LINE('',#1013,#1014);
#1013 = CARTESIAN_POINT('',(0.32,-2.22,-3.));
#1014 = VECTOR('',#1015,1.);
#1015 = DIRECTION('',(0.,0.,1.));
#1016 = ORIENTED_EDGE('',*,*,#1017,.F.);
#1017 = EDGE_CURVE('',#977,#1010,#1018,.T.);
#1018 = LINE('',#1019,#1020);
#1019 = CARTESIAN_POINT('',(0.32,-2.86,8.38));
#1020 = VECTOR('',#1021,1.);
#1021 = DIRECTION('',(0.,1.,0.));
#1022 = PLANE('',#1023);
#1023 = AXIS2_PLACEMENT_3D('',#1024,#1025,#1026);
#1024 = CARTESIAN_POINT('',(0.32,-2.86,-3.));
#1025 = DIRECTION('',(1.,0.,0.));
#1026 = DIRECTION('',(0.,0.,1.));
#1027 = ADVANCED_FACE('',(#1028),#1046,.T.);
#1028 = FACE_BOUND('',#1029,.T.);
#1029 = EDGE_LOOP('',(#1030,#1031,#1032,#1040));
#1030 = ORIENTED_EDGE('',*,*,#1009,.F.);
#1031 = ORIENTED_EDGE('',*,*,#484,.T.);
#1032 = ORIENTED_EDGE('',*,*,#1033,.T.);
#1033 = EDGE_CURVE('',#477,#1034,#1036,.T.);
#1034 = VERTEX_POINT('',#1035);
#1035 = CARTESIAN_POINT('',(-0.32,-2.22,8.38));
#1036 = LINE('',#1037,#1038);
#1037 = CARTESIAN_POINT('',(-0.32,-2.22,-3.));
#1038 = VECTOR('',#1039,1.);
#1039 = DIRECTION('',(0.,0.,1.));
#1040 = ORIENTED_EDGE('',*,*,#1041,.T.);
#1041 = EDGE_CURVE('',#1034,#1010,#1042,.T.);
#1042 = LINE('',#1043,#1044);
#1043 = CARTESIAN_POINT('',(-0.32,-2.22,8.38));
#1044 = VECTOR('',#1045,1.);
#1045 = DIRECTION('',(1.,0.,0.));
#1046 = PLANE('',#1047);
#1047 = AXIS2_PLACEMENT_3D('',#1048,#1049,#1050);
#1048 = CARTESIAN_POINT('',(-0.32,-2.22,-3.));
#1049 = DIRECTION('',(0.,1.,0.));
#1050 = DIRECTION('',(0.,-0.,1.));
#1051 = ADVANCED_FACE('',(#1052),#1063,.F.);
#1052 = FACE_BOUND('',#1053,.F.);
#1053 = EDGE_LOOP('',(#1054,#1055,#1056,#1057));
#1054 = ORIENTED_EDGE('',*,*,#985,.F.);
#1055 = ORIENTED_EDGE('',*,*,#476,.T.);
#1056 = ORIENTED_EDGE('',*,*,#1033,.T.);
#1057 = ORIENTED_EDGE('',*,*,#1058,.F.);
#1058 = EDGE_CURVE('',#986,#1034,#1059,.T.);
#1059 = LINE('',#1060,#1061);
#1060 = CARTESIAN_POINT('',(-0.32,-2.86,8.38));
#1061 = VECTOR('',#1062,1.);
#1062 = DIRECTION('',(0.,1.,0.));
#1063 = PLANE('',#1064);
#1064 = AXIS2_PLACEMENT_3D('',#1065,#1066,#1067);
#1065 = CARTESIAN_POINT('',(-0.32,-2.86,-3.));
#1066 = DIRECTION('',(1.,0.,0.));
#1067 = DIRECTION('',(0.,0.,1.));
#1068 = ADVANCED_FACE('',(#1069),#1094,.T.);
#1069 = FACE_BOUND('',#1070,.F.);
#1070 = EDGE_LOOP('',(#1071,#1079,#1080,#1088));
#1071 = ORIENTED_EDGE('',*,*,#1072,.F.);
#1072 = EDGE_CURVE('',#697,#1073,#1075,.T.);
#1073 = VERTEX_POINT('',#1074);
#1074 = CARTESIAN_POINT('',(-0.16,-0.16,-3.));
#1075 = LINE('',#1076,#1077);
#1076 = CARTESIAN_POINT('',(-0.266666666667,-0.266666666667,
    -2.893333333333));
#1077 = VECTOR('',#1078,1.);
#1078 = DIRECTION('',(0.57735026919,0.57735026919,-0.57735026919));
#1079 = ORIENTED_EDGE('',*,*,#696,.T.);
#1080 = ORIENTED_EDGE('',*,*,#1081,.T.);
#1081 = EDGE_CURVE('',#689,#1082,#1084,.T.);
#1082 = VERTEX_POINT('',#1083);
#1083 = CARTESIAN_POINT('',(0.16,-0.16,-3.));
#1084 = LINE('',#1085,#1086);
#1085 = CARTESIAN_POINT('',(0.16,-0.16,-3.));
#1086 = VECTOR('',#1087,1.);
#1087 = DIRECTION('',(-0.57735026919,0.57735026919,-0.57735026919));
#1088 = ORIENTED_EDGE('',*,*,#1089,.F.);
#1089 = EDGE_CURVE('',#1073,#1082,#1090,.T.);
#1090 = LINE('',#1091,#1092);
#1091 = CARTESIAN_POINT('',(-0.32,-0.16,-3.));
#1092 = VECTOR('',#1093,1.);
#1093 = DIRECTION('',(1.,0.,0.));
#1094 = PLANE('',#1095);
#1095 = AXIS2_PLACEMENT_3D('',#1096,#1097,#1098);
#1096 = CARTESIAN_POINT('',(-0.32,-0.24,-2.92));
#1097 = DIRECTION('',(1.735167508357E-18,-0.707106781187,-0.707106781187
    ));
#1098 = DIRECTION('',(-1.,-1.226948711654E-18,-1.226948711654E-18));
#1099 = ADVANCED_FACE('',(#1100),#1118,.F.);
#1100 = FACE_BOUND('',#1101,.F.);
#1101 = EDGE_LOOP('',(#1102,#1103,#1104,#1112));
#1102 = ORIENTED_EDGE('',*,*,#1081,.F.);
#1103 = ORIENTED_EDGE('',*,*,#720,.T.);
#1104 = ORIENTED_EDGE('',*,*,#1105,.T.);
#1105 = EDGE_CURVE('',#721,#1106,#1108,.T.);
#1106 = VERTEX_POINT('',#1107);
#1107 = CARTESIAN_POINT('',(0.16,0.16,-3.));
#1108 = LINE('',#1109,#1110);
#1109 = CARTESIAN_POINT('',(5.333333333333E-02,5.333333333333E-02,
    -3.106666666667));
#1110 = VECTOR('',#1111,1.);
#1111 = DIRECTION('',(-0.57735026919,-0.57735026919,-0.57735026919));
#1112 = ORIENTED_EDGE('',*,*,#1113,.F.);
#1113 = EDGE_CURVE('',#1082,#1106,#1114,.T.);
#1114 = LINE('',#1115,#1116);
#1115 = CARTESIAN_POINT('',(0.16,-0.32,-3.));
#1116 = VECTOR('',#1117,1.);
#1117 = DIRECTION('',(0.,1.,0.));
#1118 = PLANE('',#1119);
#1119 = AXIS2_PLACEMENT_3D('',#1120,#1121,#1122);
#1120 = CARTESIAN_POINT('',(0.24,-0.32,-2.92));
#1121 = DIRECTION('',(-0.707106781187,1.735167508357E-18,0.707106781187)
  );
#1122 = DIRECTION('',(1.226948711654E-18,1.,-1.226948711654E-18));
#1123 = ADVANCED_FACE('',(#1124),#1142,.F.);
#1124 = FACE_BOUND('',#1125,.T.);
#1125 = EDGE_LOOP('',(#1126,#1134,#1135,#1136));
#1126 = ORIENTED_EDGE('',*,*,#1127,.F.);
#1127 = EDGE_CURVE('',#745,#1128,#1130,.T.);
#1128 = VERTEX_POINT('',#1129);
#1129 = CARTESIAN_POINT('',(-0.16,0.16,-3.));
#1130 = LINE('',#1131,#1132);
#1131 = CARTESIAN_POINT('',(-0.16,0.16,-3.));
#1132 = VECTOR('',#1133,1.);
#1133 = DIRECTION('',(0.57735026919,-0.57735026919,-0.57735026919));
#1134 = ORIENTED_EDGE('',*,*,#744,.T.);
#1135 = ORIENTED_EDGE('',*,*,#1105,.T.);
#1136 = ORIENTED_EDGE('',*,*,#1137,.F.);
#1137 = EDGE_CURVE('',#1128,#1106,#1138,.T.);
#1138 = LINE('',#1139,#1140);
#1139 = CARTESIAN_POINT('',(-0.32,0.16,-3.));
#1140 = VECTOR('',#1141,1.);
#1141 = DIRECTION('',(1.,0.,0.));
#1142 = PLANE('',#1143);
#1143 = AXIS2_PLACEMENT_3D('',#1144,#1145,#1146);
#1144 = CARTESIAN_POINT('',(-0.32,0.24,-2.92));
#1145 = DIRECTION('',(-1.735167508357E-18,-0.707106781187,0.707106781187
    ));
#1146 = DIRECTION('',(-1.,1.226948711654E-18,-1.226948711654E-18));
#1147 = ADVANCED_FACE('',(#1148),#1159,.T.);
#1148 = FACE_BOUND('',#1149,.T.);
#1149 = EDGE_LOOP('',(#1150,#1151,#1152,#1153));
#1150 = ORIENTED_EDGE('',*,*,#1072,.F.);
#1151 = ORIENTED_EDGE('',*,*,#768,.T.);
#1152 = ORIENTED_EDGE('',*,*,#1127,.T.);
#1153 = ORIENTED_EDGE('',*,*,#1154,.F.);
#1154 = EDGE_CURVE('',#1073,#1128,#1155,.T.);
#1155 = LINE('',#1156,#1157);
#1156 = CARTESIAN_POINT('',(-0.16,-0.32,-3.));
#1157 = VECTOR('',#1158,1.);
#1158 = DIRECTION('',(0.,1.,0.));
#1159 = PLANE('',#1160);
#1160 = AXIS2_PLACEMENT_3D('',#1161,#1162,#1163);
#1161 = CARTESIAN_POINT('',(-0.24,-0.32,-2.92));
#1162 = DIRECTION('',(-0.707106781187,-1.735167508357E-18,
    -0.707106781187));
#1163 = DIRECTION('',(-1.226948711654E-18,1.,-1.226948711654E-18));
#1164 = ADVANCED_FACE('',(#1165),#1190,.T.);
#1165 = FACE_BOUND('',#1166,.F.);
#1166 = EDGE_LOOP('',(#1167,#1175,#1176,#1184));
#1167 = ORIENTED_EDGE('',*,*,#1168,.F.);
#1168 = EDGE_CURVE('',#793,#1169,#1171,.T.);
#1169 = VERTEX_POINT('',#1170);
#1170 = CARTESIAN_POINT('',(-0.16,-2.7,-3.));
#1171 = LINE('',#1172,#1173);
#1172 = CARTESIAN_POINT('',(-0.266666666667,-2.806666666667,
    -2.893333333333));
#1173 = VECTOR('',#1174,1.);
#1174 = DIRECTION('',(0.57735026919,0.57735026919,-0.57735026919));
#1175 = ORIENTED_EDGE('',*,*,#792,.T.);
#1176 = ORIENTED_EDGE('',*,*,#1177,.T.);
#1177 = EDGE_CURVE('',#785,#1178,#1180,.T.);
#1178 = VERTEX_POINT('',#1179);
#1179 = CARTESIAN_POINT('',(0.16,-2.7,-3.));
#1180 = LINE('',#1181,#1182);
#1181 = CARTESIAN_POINT('',(0.16,-2.7,-3.));
#1182 = VECTOR('',#1183,1.);
#1183 = DIRECTION('',(-0.57735026919,0.57735026919,-0.57735026919));
#1184 = ORIENTED_EDGE('',*,*,#1185,.F.);
#1185 = EDGE_CURVE('',#1169,#1178,#1186,.T.);
#1186 = LINE('',#1187,#1188);
#1187 = CARTESIAN_POINT('',(-0.32,-2.7,-3.));
#1188 = VECTOR('',#1189,1.);
#1189 = DIRECTION('',(1.,0.,0.));
#1190 = PLANE('',#1191);
#1191 = AXIS2_PLACEMENT_3D('',#1192,#1193,#1194);
#1192 = CARTESIAN_POINT('',(-0.32,-2.78,-2.92));
#1193 = DIRECTION('',(1.735167508357E-18,-0.707106781187,-0.707106781187
    ));
#1194 = DIRECTION('',(-1.,-1.226948711654E-18,-1.226948711654E-18));
#1195 = ADVANCED_FACE('',(#1196),#1214,.F.);
#1196 = FACE_BOUND('',#1197,.F.);
#1197 = EDGE_LOOP('',(#1198,#1199,#1200,#1208));
#1198 = ORIENTED_EDGE('',*,*,#1177,.F.);
#1199 = ORIENTED_EDGE('',*,*,#816,.T.);
#1200 = ORIENTED_EDGE('',*,*,#1201,.T.);
#1201 = EDGE_CURVE('',#817,#1202,#1204,.T.);
#1202 = VERTEX_POINT('',#1203);
#1203 = CARTESIAN_POINT('',(0.16,-2.38,-3.));
#1204 = LINE('',#1205,#1206);
#1205 = CARTESIAN_POINT('',(5.333333333333E-02,-2.486666666667,
    -3.106666666667));
#1206 = VECTOR('',#1207,1.);
#1207 = DIRECTION('',(-0.57735026919,-0.57735026919,-0.57735026919));
#1208 = ORIENTED_EDGE('',*,*,#1209,.F.);
#1209 = EDGE_CURVE('',#1178,#1202,#1210,.T.);
#1210 = LINE('',#1211,#1212);
#1211 = CARTESIAN_POINT('',(0.16,-2.86,-3.));
#1212 = VECTOR('',#1213,1.);
#1213 = DIRECTION('',(0.,1.,0.));
#1214 = PLANE('',#1215);
#1215 = AXIS2_PLACEMENT_3D('',#1216,#1217,#1218);
#1216 = CARTESIAN_POINT('',(0.24,-2.86,-2.92));
#1217 = DIRECTION('',(-0.707106781187,1.735167508357E-18,0.707106781187)
  );
#1218 = DIRECTION('',(1.226948711654E-18,1.,-1.226948711654E-18));
#1219 = ADVANCED_FACE('',(#1220),#1238,.F.);
#1220 = FACE_BOUND('',#1221,.T.);
#1221 = EDGE_LOOP('',(#1222,#1230,#1231,#1232));
#1222 = ORIENTED_EDGE('',*,*,#1223,.F.);
#1223 = EDGE_CURVE('',#841,#1224,#1226,.T.);
#1224 = VERTEX_POINT('',#1225);
#1225 = CARTESIAN_POINT('',(-0.16,-2.38,-3.));
#1226 = LINE('',#1227,#1228);
#1227 = CARTESIAN_POINT('',(-0.16,-2.38,-3.));
#1228 = VECTOR('',#1229,1.);
#1229 = DIRECTION('',(0.57735026919,-0.57735026919,-0.57735026919));
#1230 = ORIENTED_EDGE('',*,*,#840,.T.);
#1231 = ORIENTED_EDGE('',*,*,#1201,.T.);
#1232 = ORIENTED_EDGE('',*,*,#1233,.F.);
#1233 = EDGE_CURVE('',#1224,#1202,#1234,.T.);
#1234 = LINE('',#1235,#1236);
#1235 = CARTESIAN_POINT('',(-0.32,-2.38,-3.));
#1236 = VECTOR('',#1237,1.);
#1237 = DIRECTION('',(1.,0.,0.));
#1238 = PLANE('',#1239);
#1239 = AXIS2_PLACEMENT_3D('',#1240,#1241,#1242);
#1240 = CARTESIAN_POINT('',(-0.32,-2.3,-2.92));
#1241 = DIRECTION('',(-1.735167508357E-18,-0.707106781187,0.707106781187
    ));
#1242 = DIRECTION('',(-1.,1.226948711654E-18,-1.226948711654E-18));
#1243 = ADVANCED_FACE('',(#1244),#1255,.T.);
#1244 = FACE_BOUND('',#1245,.T.);
#1245 = EDGE_LOOP('',(#1246,#1247,#1248,#1249));
#1246 = ORIENTED_EDGE('',*,*,#1168,.F.);
#1247 = ORIENTED_EDGE('',*,*,#864,.T.);
#1248 = ORIENTED_EDGE('',*,*,#1223,.T.);
#1249 = ORIENTED_EDGE('',*,*,#1250,.F.);
#1250 = EDGE_CURVE('',#1169,#1224,#1251,.T.);
#1251 = LINE('',#1252,#1253);
#1252 = CARTESIAN_POINT('',(-0.16,-2.86,-3.));
#1253 = VECTOR('',#1254,1.);
#1254 = DIRECTION('',(0.,1.,0.));
#1255 = PLANE('',#1256);
#1256 = AXIS2_PLACEMENT_3D('',#1257,#1258,#1259);
#1257 = CARTESIAN_POINT('',(-0.24,-2.86,-2.92));
#1258 = DIRECTION('',(-0.707106781187,-1.735167508357E-18,
    -0.707106781187));
#1259 = DIRECTION('',(-1.226948711654E-18,1.,-1.226948711654E-18));
#1260 = ADVANCED_FACE('',(#1261),#1286,.F.);
#1261 = FACE_BOUND('',#1262,.T.);
#1262 = EDGE_LOOP('',(#1263,#1271,#1272,#1280));
#1263 = ORIENTED_EDGE('',*,*,#1264,.F.);
#1264 = EDGE_CURVE('',#890,#1265,#1267,.T.);
#1265 = VERTEX_POINT('',#1266);
#1266 = CARTESIAN_POINT('',(-0.16,-0.16,8.54));
#1267 = LINE('',#1268,#1269);
#1268 = CARTESIAN_POINT('',(-0.266666666667,-0.266666666667,
    8.433333333333));
#1269 = VECTOR('',#1270,1.);
#1270 = DIRECTION('',(0.57735026919,0.57735026919,0.57735026919));
#1271 = ORIENTED_EDGE('',*,*,#897,.T.);
#1272 = ORIENTED_EDGE('',*,*,#1273,.T.);
#1273 = EDGE_CURVE('',#881,#1274,#1276,.T.);
#1274 = VERTEX_POINT('',#1275);
#1275 = CARTESIAN_POINT('',(0.16,-0.16,8.54));
#1276 = LINE('',#1277,#1278);
#1277 = CARTESIAN_POINT('',(0.16,-0.16,8.54));
#1278 = VECTOR('',#1279,1.);
#1279 = DIRECTION('',(-0.57735026919,0.57735026919,0.57735026919));
#1280 = ORIENTED_EDGE('',*,*,#1281,.F.);
#1281 = EDGE_CURVE('',#1265,#1274,#1282,.T.);
#1282 = LINE('',#1283,#1284);
#1283 = CARTESIAN_POINT('',(-0.32,-0.16,8.54));
#1284 = VECTOR('',#1285,1.);
#1285 = DIRECTION('',(1.,0.,0.));
#1286 = PLANE('',#1287);
#1287 = AXIS2_PLACEMENT_3D('',#1288,#1289,#1290);
#1288 = CARTESIAN_POINT('',(-0.32,-0.24,8.46));
#1289 = DIRECTION('',(-1.735167508357E-18,0.707106781187,-0.707106781187
    ));
#1290 = DIRECTION('',(-1.,-1.226948711654E-18,1.226948711654E-18));
#1291 = ADVANCED_FACE('',(#1292),#1310,.T.);
#1292 = FACE_BOUND('',#1293,.T.);
#1293 = EDGE_LOOP('',(#1294,#1295,#1296,#1304));
#1294 = ORIENTED_EDGE('',*,*,#1273,.F.);
#1295 = ORIENTED_EDGE('',*,*,#921,.T.);
#1296 = ORIENTED_EDGE('',*,*,#1297,.T.);
#1297 = EDGE_CURVE('',#914,#1298,#1300,.T.);
#1298 = VERTEX_POINT('',#1299);
#1299 = CARTESIAN_POINT('',(0.16,0.16,8.54));
#1300 = LINE('',#1301,#1302);
#1301 = CARTESIAN_POINT('',(5.333333333333E-02,5.333333333333E-02,
    8.646666666667));
#1302 = VECTOR('',#1303,1.);
#1303 = DIRECTION('',(-0.57735026919,-0.57735026919,0.57735026919));
#1304 = ORIENTED_EDGE('',*,*,#1305,.F.);
#1305 = EDGE_CURVE('',#1274,#1298,#1306,.T.);
#1306 = LINE('',#1307,#1308);
#1307 = CARTESIAN_POINT('',(0.16,-0.32,8.54));
#1308 = VECTOR('',#1309,1.);
#1309 = DIRECTION('',(0.,1.,0.));
#1310 = PLANE('',#1311);
#1311 = AXIS2_PLACEMENT_3D('',#1312,#1313,#1314);
#1312 = CARTESIAN_POINT('',(0.24,-0.32,8.46));
#1313 = DIRECTION('',(0.707106781187,-1.735167508357E-18,0.707106781187)
  );
#1314 = DIRECTION('',(1.226948711654E-18,1.,1.226948711654E-18));
#1315 = ADVANCED_FACE('',(#1316),#1334,.T.);
#1316 = FACE_BOUND('',#1317,.F.);
#1317 = EDGE_LOOP('',(#1318,#1326,#1327,#1328));
#1318 = ORIENTED_EDGE('',*,*,#1319,.F.);
#1319 = EDGE_CURVE('',#938,#1320,#1322,.T.);
#1320 = VERTEX_POINT('',#1321);
#1321 = CARTESIAN_POINT('',(-0.16,0.16,8.54));
#1322 = LINE('',#1323,#1324);
#1323 = CARTESIAN_POINT('',(-0.16,0.16,8.54));
#1324 = VECTOR('',#1325,1.);
#1325 = DIRECTION('',(0.57735026919,-0.57735026919,0.57735026919));
#1326 = ORIENTED_EDGE('',*,*,#945,.T.);
#1327 = ORIENTED_EDGE('',*,*,#1297,.T.);
#1328 = ORIENTED_EDGE('',*,*,#1329,.F.);
#1329 = EDGE_CURVE('',#1320,#1298,#1330,.T.);
#1330 = LINE('',#1331,#1332);
#1331 = CARTESIAN_POINT('',(-0.32,0.16,8.54));
#1332 = VECTOR('',#1333,1.);
#1333 = DIRECTION('',(1.,0.,0.));
#1334 = PLANE('',#1335);
#1335 = AXIS2_PLACEMENT_3D('',#1336,#1337,#1338);
#1336 = CARTESIAN_POINT('',(-0.32,0.24,8.46));
#1337 = DIRECTION('',(1.735167508357E-18,0.707106781187,0.707106781187)
  );
#1338 = DIRECTION('',(-1.,1.226948711654E-18,1.226948711654E-18));
#1339 = ADVANCED_FACE('',(#1340),#1351,.F.);
#1340 = FACE_BOUND('',#1341,.F.);
#1341 = EDGE_LOOP('',(#1342,#1343,#1344,#1345));
#1342 = ORIENTED_EDGE('',*,*,#1264,.F.);
#1343 = ORIENTED_EDGE('',*,*,#962,.T.);
#1344 = ORIENTED_EDGE('',*,*,#1319,.T.);
#1345 = ORIENTED_EDGE('',*,*,#1346,.F.);
#1346 = EDGE_CURVE('',#1265,#1320,#1347,.T.);
#1347 = LINE('',#1348,#1349);
#1348 = CARTESIAN_POINT('',(-0.16,-0.32,8.54));
#1349 = VECTOR('',#1350,1.);
#1350 = DIRECTION('',(0.,1.,0.));
#1351 = PLANE('',#1352);
#1352 = AXIS2_PLACEMENT_3D('',#1353,#1354,#1355);
#1353 = CARTESIAN_POINT('',(-0.24,-0.32,8.46));
#1354 = DIRECTION('',(0.707106781187,1.735167508357E-18,-0.707106781187)
  );
#1355 = DIRECTION('',(-1.226948711654E-18,1.,1.226948711654E-18));
#1356 = ADVANCED_FACE('',(#1357),#1382,.F.);
#1357 = FACE_BOUND('',#1358,.T.);
#1358 = EDGE_LOOP('',(#1359,#1367,#1368,#1376));
#1359 = ORIENTED_EDGE('',*,*,#1360,.F.);
#1360 = EDGE_CURVE('',#986,#1361,#1363,.T.);
#1361 = VERTEX_POINT('',#1362);
#1362 = CARTESIAN_POINT('',(-0.16,-2.7,8.54));
#1363 = LINE('',#1364,#1365);
#1364 = CARTESIAN_POINT('',(-0.266666666667,-2.806666666667,
    8.433333333333));
#1365 = VECTOR('',#1366,1.);
#1366 = DIRECTION('',(0.57735026919,0.57735026919,0.57735026919));
#1367 = ORIENTED_EDGE('',*,*,#993,.T.);
#1368 = ORIENTED_EDGE('',*,*,#1369,.T.);
#1369 = EDGE_CURVE('',#977,#1370,#1372,.T.);
#1370 = VERTEX_POINT('',#1371);
#1371 = CARTESIAN_POINT('',(0.16,-2.7,8.54));
#1372 = LINE('',#1373,#1374);
#1373 = CARTESIAN_POINT('',(0.16,-2.7,8.54));
#1374 = VECTOR('',#1375,1.);
#1375 = DIRECTION('',(-0.57735026919,0.57735026919,0.57735026919));
#1376 = ORIENTED_EDGE('',*,*,#1377,.F.);
#1377 = EDGE_CURVE('',#1361,#1370,#1378,.T.);
#1378 = LINE('',#1379,#1380);
#1379 = CARTESIAN_POINT('',(-0.32,-2.7,8.54));
#1380 = VECTOR('',#1381,1.);
#1381 = DIRECTION('',(1.,0.,0.));
#1382 = PLANE('',#1383);
#1383 = AXIS2_PLACEMENT_3D('',#1384,#1385,#1386);
#1384 = CARTESIAN_POINT('',(-0.32,-2.78,8.46));
#1385 = DIRECTION('',(-1.735167508357E-18,0.707106781187,-0.707106781187
    ));
#1386 = DIRECTION('',(-1.,-1.226948711654E-18,1.226948711654E-18));
#1387 = ADVANCED_FACE('',(#1388),#1406,.T.);
#1388 = FACE_BOUND('',#1389,.T.);
#1389 = EDGE_LOOP('',(#1390,#1391,#1392,#1400));
#1390 = ORIENTED_EDGE('',*,*,#1369,.F.);
#1391 = ORIENTED_EDGE('',*,*,#1017,.T.);
#1392 = ORIENTED_EDGE('',*,*,#1393,.T.);
#1393 = EDGE_CURVE('',#1010,#1394,#1396,.T.);
#1394 = VERTEX_POINT('',#1395);
#1395 = CARTESIAN_POINT('',(0.16,-2.38,8.54));
#1396 = LINE('',#1397,#1398);
#1397 = CARTESIAN_POINT('',(5.333333333333E-02,-2.486666666667,
    8.646666666667));
#1398 = VECTOR('',#1399,1.);
#1399 = DIRECTION('',(-0.57735026919,-0.57735026919,0.57735026919));
#1400 = ORIENTED_EDGE('',*,*,#1401,.F.);
#1401 = EDGE_CURVE('',#1370,#1394,#1402,.T.);
#1402 = LINE('',#1403,#1404);
#1403 = CARTESIAN_POINT('',(0.16,-2.86,8.54));
#1404 = VECTOR('',#1405,1.);
#1405 = DIRECTION('',(0.,1.,0.));
#1406 = PLANE('',#1407);
#1407 = AXIS2_PLACEMENT_3D('',#1408,#1409,#1410);
#1408 = CARTESIAN_POINT('',(0.24,-2.86,8.46));
#1409 = DIRECTION('',(0.707106781187,-1.735167508357E-18,0.707106781187)
  );
#1410 = DIRECTION('',(1.226948711654E-18,1.,1.226948711654E-18));
#1411 = ADVANCED_FACE('',(#1412),#1430,.T.);
#1412 = FACE_BOUND('',#1413,.F.);
#1413 = EDGE_LOOP('',(#1414,#1422,#1423,#1424));
#1414 = ORIENTED_EDGE('',*,*,#1415,.F.);
#1415 = EDGE_CURVE('',#1034,#1416,#1418,.T.);
#1416 = VERTEX_POINT('',#1417);
#1417 = CARTESIAN_POINT('',(-0.16,-2.38,8.54));
#1418 = LINE('',#1419,#1420);
#1419 = CARTESIAN_POINT('',(-0.16,-2.38,8.54));
#1420 = VECTOR('',#1421,1.);
#1421 = DIRECTION('',(0.57735026919,-0.57735026919,0.57735026919));
#1422 = ORIENTED_EDGE('',*,*,#1041,.T.);
#1423 = ORIENTED_EDGE('',*,*,#1393,.T.);
#1424 = ORIENTED_EDGE('',*,*,#1425,.F.);
#1425 = EDGE_CURVE('',#1416,#1394,#1426,.T.);
#1426 = LINE('',#1427,#1428);
#1427 = CARTESIAN_POINT('',(-0.32,-2.38,8.54));
#1428 = VECTOR('',#1429,1.);
#1429 = DIRECTION('',(1.,0.,0.));
#1430 = PLANE('',#1431);
#1431 = AXIS2_PLACEMENT_3D('',#1432,#1433,#1434);
#1432 = CARTESIAN_POINT('',(-0.32,-2.3,8.46));
#1433 = DIRECTION('',(1.735167508357E-18,0.707106781187,0.707106781187)
  );
#1434 = DIRECTION('',(-1.,1.226948711654E-18,1.226948711654E-18));
#1435 = ADVANCED_FACE('',(#1436),#1447,.F.);
#1436 = FACE_BOUND('',#1437,.F.);
#1437 = EDGE_LOOP('',(#1438,#1439,#1440,#1441));
#1438 = ORIENTED_EDGE('',*,*,#1360,.F.);
#1439 = ORIENTED_EDGE('',*,*,#1058,.T.);
#1440 = ORIENTED_EDGE('',*,*,#1415,.T.);
#1441 = ORIENTED_EDGE('',*,*,#1442,.F.);
#1442 = EDGE_CURVE('',#1361,#1416,#1443,.T.);
#1443 = LINE('',#1444,#1445);
#1444 = CARTESIAN_POINT('',(-0.16,-2.86,8.54));
#1445 = VECTOR('',#1446,1.);
#1446 = DIRECTION('',(0.,1.,0.));
#1447 = PLANE('',#1448);
#1448 = AXIS2_PLACEMENT_3D('',#1449,#1450,#1451);
#1449 = CARTESIAN_POINT('',(-0.24,-2.86,8.46));
#1450 = DIRECTION('',(0.707106781187,1.735167508357E-18,-0.707106781187)
  );
#1451 = DIRECTION('',(-1.226948711654E-18,1.,1.226948711654E-18));
#1452 = ADVANCED_FACE('',(#1453),#1459,.F.);
#1453 = FACE_BOUND('',#1454,.F.);
#1454 = EDGE_LOOP('',(#1455,#1456,#1457,#1458));
#1455 = ORIENTED_EDGE('',*,*,#1154,.F.);
#1456 = ORIENTED_EDGE('',*,*,#1089,.T.);
#1457 = ORIENTED_EDGE('',*,*,#1113,.T.);
#1458 = ORIENTED_EDGE('',*,*,#1137,.F.);
#1459 = PLANE('',#1460);
#1460 = AXIS2_PLACEMENT_3D('',#1461,#1462,#1463);
#1461 = CARTESIAN_POINT('',(-0.32,-0.32,-3.));
#1462 = DIRECTION('',(0.,0.,1.));
#1463 = DIRECTION('',(1.,0.,-0.));
#1464 = ADVANCED_FACE('',(#1465),#1471,.F.);
#1465 = FACE_BOUND('',#1466,.F.);
#1466 = EDGE_LOOP('',(#1467,#1468,#1469,#1470));
#1467 = ORIENTED_EDGE('',*,*,#1250,.F.);
#1468 = ORIENTED_EDGE('',*,*,#1185,.T.);
#1469 = ORIENTED_EDGE('',*,*,#1209,.T.);
#1470 = ORIENTED_EDGE('',*,*,#1233,.F.);
#1471 = PLANE('',#1472);
#1472 = AXIS2_PLACEMENT_3D('',#1473,#1474,#1475);
#1473 = CARTESIAN_POINT('',(-0.32,-2.86,-3.));
#1474 = DIRECTION('',(0.,0.,1.));
#1475 = DIRECTION('',(1.,0.,-0.));
#1476 = ADVANCED_FACE('',(#1477),#1483,.T.);
#1477 = FACE_BOUND('',#1478,.T.);
#1478 = EDGE_LOOP('',(#1479,#1480,#1481,#1482));
#1479 = ORIENTED_EDGE('',*,*,#1329,.F.);
#1480 = ORIENTED_EDGE('',*,*,#1346,.F.);
#1481 = ORIENTED_EDGE('',*,*,#1281,.T.);
#1482 = ORIENTED_EDGE('',*,*,#1305,.T.);
#1483 = PLANE('',#1484);
#1484 = AXIS2_PLACEMENT_3D('',#1485,#1486,#1487);
#1485 = CARTESIAN_POINT('',(-0.32,-0.32,8.54));
#1486 = DIRECTION('',(0.,0.,1.));
#1487 = DIRECTION('',(1.,0.,-0.));
#1488 = ADVANCED_FACE('',(#1489),#1495,.T.);
#1489 = FACE_BOUND('',#1490,.T.);
#1490 = EDGE_LOOP('',(#1491,#1492,#1493,#1494));
#1491 = ORIENTED_EDGE('',*,*,#1425,.F.);
#1492 = ORIENTED_EDGE('',*,*,#1442,.F.);
#1493 = ORIENTED_EDGE('',*,*,#1377,.T.);
#1494 = ORIENTED_EDGE('',*,*,#1401,.T.);
#1495 = PLANE('',#1496);
#1496 = AXIS2_PLACEMENT_3D('',#1497,#1498,#1499);
#1497 = CARTESIAN_POINT('',(-0.32,-2.86,8.54));
#1498 = DIRECTION('',(0.,0.,1.));
#1499 = DIRECTION('',(1.,0.,-0.));
#1500 = ( GEOMETRIC_REPRESENTATION_CONTEXT(3) 
GLOBAL_UNCERTAINTY_ASSIGNED_CONTEXT((#1504)) 
GLOBAL_UNIT_ASSIGNED_CONTEXT((#1501,#1502,#1503)) REPRESENTATION_CONTEXT
('Context #1','3D Context with UNIT and UNCERTAINTY') );
#1501 = ( LENGTH_UNIT() NAMED_UNIT(*) SI_UNIT(.MILLI.,.METRE.) );
#1502 = ( NAMED_UNIT(*) PLANE_ANGLE_UNIT() SI_UNIT($,.RADIAN.) );
#1503 = ( NAMED_UNIT(*) SI_UNIT($,.STERADIAN.) SOLID_ANGLE_UNIT() );
#1504 = UNCERTAINTY_MEASURE_WITH_UNIT(LENGTH_MEASURE(1.E-07),#1501,
  'distance_accuracy_value','confusion accuracy');
#1505 = CONTEXT_DEPENDENT_SHAPE_REPRESENTATION(#1506,#1508);
#1506 = ( REPRESENTATION_RELATIONSHIP('','',#67,#44) 
REPRESENTATION_RELATIONSHIP_WITH_TRANSFORMATION(#1507) 
SHAPE_REPRESENTATION_RELATIONSHIP() );
#1507 = ITEM_DEFINED_TRANSFORMATION('','',#11,#45);
#1508 = PRODUCT_DEFINITION_SHAPE('Placement','Placement of an item',
  #1509);
#1509 = NEXT_ASSEMBLY_USAGE_OCCURRENCE('1','=>[0:1:1:3]','',#39,#62,$);
#1510 = PRODUCT_RELATED_PRODUCT_CATEGORY('part',$,(#64));
#1511 = CONTEXT_DEPENDENT_SHAPE_REPRESENTATION(#1512,#1514);
#1512 = ( REPRESENTATION_RELATIONSHIP('','',#44,#10) 
REPRESENTATION_RELATIONSHIP_WITH_TRANSFORMATION(#1513) 
SHAPE_REPRESENTATION_RELATIONSHIP() );
#1513 = ITEM_DEFINED_TRANSFORMATION('','',#11,#19);
#1514 = PRODUCT_DEFINITION_SHAPE('Placement','Placement of an item',
  #1515);
#1515 = NEXT_ASSEMBLY_USAGE_OCCURRENCE('3','J3','',#5,#39,$);
#1516 = SHAPE_DEFINITION_REPRESENTATION(#1517,#1523);
#1517 = PRODUCT_DEFINITION_SHAPE('','',#1518);
#1518 = PRODUCT_DEFINITION('design','',#1519,#1522);
#1519 = PRODUCT_DEFINITION_FORMATION('','',#1520);
#1520 = PRODUCT('TO-220-3_Vertical','TO-220-3_Vertical','',(#1521));
#1521 = PRODUCT_CONTEXT('',#2,'mechanical');
#1522 = PRODUCT_DEFINITION_CONTEXT('part definition',#2,'design');
#1523 = SHAPE_REPRESENTATION('',(#11,#1524),#1528);
#1524 = AXIS2_PLACEMENT_3D('',#1525,#1526,#1527);
#1525 = CARTESIAN_POINT('',(0.,0.,0.));
#1526 = DIRECTION('',(0.,0.,1.));
#1527 = DIRECTION('',(1.,0.,-0.));
#1528 = ( GEOMETRIC_REPRESENTATION_CONTEXT(3) 
GLOBAL_UNCERTAINTY_ASSIGNED_CONTEXT((#1532)) 
GLOBAL_UNIT_ASSIGNED_CONTEXT((#1529,#1530,#1531)) REPRESENTATION_CONTEXT
('Context #1','3D Context with UNIT and UNCERTAINTY') );
#1529 = ( LENGTH_UNIT() NAMED_UNIT(*) SI_UNIT(.MILLI.,.METRE.) );
#1530 = ( NAMED_UNIT(*) PLANE_ANGLE_UNIT() SI_UNIT($,.RADIAN.) );
#1531 = ( NAMED_UNIT(*) SI_UNIT($,.STERADIAN.) SOLID_ANGLE_UNIT() );
#1532 = UNCERTAINTY_MEASURE_WITH_UNIT(LENGTH_MEASURE(1.E-07),#1529,
  'distance_accuracy_value','confusion accuracy');
#1533 = CONTEXT_DEPENDENT_SHAPE_REPRESENTATION(#1534,#1536);
#1534 = ( REPRESENTATION_RELATIONSHIP('','',#1523,#10) 
REPRESENTATION_RELATIONSHIP_WITH_TRANSFORMATION(#1535) 
SHAPE_REPRESENTATION_RELATIONSHIP() );
#1535 = ITEM_DEFINED_TRANSFORMATION('','',#11,#23);
#1536 = PRODUCT_DEFINITION_SHAPE('Placement','Placement of an item',
  #1537);
#1537 = NEXT_ASSEMBLY_USAGE_OCCURRENCE('5','U1','',#5,#1518,$);
#1538 = PRODUCT_RELATED_PRODUCT_CATEGORY('part',$,(#1520));
#1539 = SHAPE_DEFINITION_REPRESENTATION(#1540,#1546);
#1540 = PRODUCT_DEFINITION_SHAPE('','',#1541);
#1541 = PRODUCT_DEFINITION('design','',#1542,#1545);
#1542 = PRODUCT_DEFINITION_FORMATION('','',#1543);
#1543 = PRODUCT('TO-220-3_Vertical','TO-220-3_Vertical','',(#1544));
#1544 = PRODUCT_CONTEXT('',#2,'mechanical');
#1545 = PRODUCT_DEFINITION_CONTEXT('part definition',#2,'design');
#1546 = ADVANCED_BREP_SHAPE_REPRESENTATION('',(#11,#1547),#3089);
#1547 = MANIFOLD_SOLID_BREP('',#1548);
#1548 = CLOSED_SHELL('',(#1549,#1605,#1732,#1756,#1780,#1836,#1883,#1969
    ,#1983,#2023,#2047,#2080,#2120,#2144,#2177,#2217,#2241,#2274,#2314,
    #2349,#2382,#2399,#2456,#2513,#2570,#2627,#2644,#2661,#2718,#2735,
    #2752,#2809,#2826,#2843,#2871,#2883,#2900,#2917,#2934,#2951,#2963,
    #2980,#2997,#3014,#3026,#3043,#3060,#3077));
#1549 = ADVANCED_FACE('',(#1550),#1600,.F.);
#1550 = FACE_BOUND('',#1551,.T.);
#1551 = EDGE_LOOP('',(#1552,#1562,#1570,#1578,#1586,#1594));
#1552 = ORIENTED_EDGE('',*,*,#1553,.T.);
#1553 = EDGE_CURVE('',#1554,#1556,#1558,.T.);
#1554 = VERTEX_POINT('',#1555);
#1555 = CARTESIAN_POINT('',(-2.585,2.045585922872E-16,3.685));
#1556 = VERTEX_POINT('',#1557);
#1557 = CARTESIAN_POINT('',(-2.585,-1.295,4.185));
#1558 = LINE('',#1559,#1560);
#1559 = CARTESIAN_POINT('',(-2.585,2.045585922872E-16,3.685));
#1560 = VECTOR('',#1561,1.);
#1561 = DIRECTION('',(-5.178527991556E-17,-0.932880669324,0.360185586611
    ));
#1562 = ORIENTED_EDGE('',*,*,#1563,.T.);
#1563 = EDGE_CURVE('',#1556,#1564,#1566,.T.);
#1564 = VERTEX_POINT('',#1565);
#1565 = CARTESIAN_POINT('',(-2.585,-1.295,11.875000000001));
#1566 = LINE('',#1567,#1568);
#1567 = CARTESIAN_POINT('',(-2.585,-1.295,4.185));
#1568 = VECTOR('',#1569,1.);
#1569 = DIRECTION('',(0.,5.551115123126E-17,1.));
#1570 = ORIENTED_EDGE('',*,*,#1571,.T.);
#1571 = EDGE_CURVE('',#1564,#1572,#1574,.T.);
#1572 = VERTEX_POINT('',#1573);
#1573 = CARTESIAN_POINT('',(-2.585,-0.295,12.875));
#1574 = LINE('',#1575,#1576);
#1575 = CARTESIAN_POINT('',(-2.585,-1.295,11.875000000001));
#1576 = VECTOR('',#1577,1.);
#1577 = DIRECTION('',(3.925231146711E-17,0.707106781187,0.707106781186)
  );
#1578 = ORIENTED_EDGE('',*,*,#1579,.T.);
#1579 = EDGE_CURVE('',#1572,#1580,#1582,.T.);
#1580 = VERTEX_POINT('',#1581);
#1581 = CARTESIAN_POINT('',(-2.585,3.15,12.875));
#1582 = LINE('',#1583,#1584);
#1583 = CARTESIAN_POINT('',(-2.585,-0.295,12.875));
#1584 = VECTOR('',#1585,1.);
#1585 = DIRECTION('',(5.551115123126E-17,1.,0.));
#1586 = ORIENTED_EDGE('',*,*,#1587,.T.);
#1587 = EDGE_CURVE('',#1580,#1588,#1590,.T.);
#1588 = VERTEX_POINT('',#1589);
#1589 = CARTESIAN_POINT('',(-2.585,3.15,4.185));
#1590 = LINE('',#1591,#1592);
#1591 = CARTESIAN_POINT('',(-2.585,3.15,12.875));
#1592 = VECTOR('',#1593,1.);
#1593 = DIRECTION('',(0.,-5.551115123126E-17,-1.));
#1594 = ORIENTED_EDGE('',*,*,#1595,.T.);
#1595 = EDGE_CURVE('',#1588,#1554,#1596,.T.);
#1596 = LINE('',#1597,#1598);
#1597 = CARTESIAN_POINT('',(-2.585,3.15,4.185));
#1598 = VECTOR('',#1599,1.);
#1599 = DIRECTION('',(-5.482478518197E-17,-0.987635528464,
    -0.156767544201));
#1600 = PLANE('',#1601);
#1601 = AXIS2_PLACEMENT_3D('',#1602,#1603,#1604);
#1602 = CARTESIAN_POINT('',(-2.585,2.045585922872E-16,3.685));
#1603 = DIRECTION('',(1.,0.,5.551115123126E-17));
#1604 = DIRECTION('',(-5.551115123126E-17,5.551115123126E-17,1.));
#1605 = ADVANCED_FACE('',(#1606),#1727,.T.);
#1606 = FACE_BOUND('',#1607,.T.);
#1607 = EDGE_LOOP('',(#1608,#1609,#1617,#1625,#1633,#1641,#1649,#1657,
    #1665,#1673,#1681,#1689,#1697,#1705,#1713,#1721));
#1608 = ORIENTED_EDGE('',*,*,#1553,.F.);
#1609 = ORIENTED_EDGE('',*,*,#1610,.T.);
#1610 = EDGE_CURVE('',#1554,#1611,#1613,.T.);
#1611 = VERTEX_POINT('',#1612);
#1612 = CARTESIAN_POINT('',(-0.73,2.045585922872E-16,3.685));
#1613 = LINE('',#1614,#1615);
#1614 = CARTESIAN_POINT('',(-2.585,2.045585922872E-16,3.685));
#1615 = VECTOR('',#1616,1.);
#1616 = DIRECTION('',(1.,0.,5.551115123126E-17));
#1617 = ORIENTED_EDGE('',*,*,#1618,.T.);
#1618 = EDGE_CURVE('',#1611,#1619,#1621,.T.);
#1619 = VERTEX_POINT('',#1620);
#1620 = CARTESIAN_POINT('',(-0.73,-0.11655,3.73));
#1621 = LINE('',#1622,#1623);
#1622 = CARTESIAN_POINT('',(-0.73,0.106662228694,3.643817672319));
#1623 = VECTOR('',#1624,1.);
#1624 = DIRECTION('',(0.,-0.932880669324,0.360185586611));
#1625 = ORIENTED_EDGE('',*,*,#1626,.T.);
#1626 = EDGE_CURVE('',#1619,#1627,#1629,.T.);
#1627 = VERTEX_POINT('',#1628);
#1628 = CARTESIAN_POINT('',(0.73,-0.11655,3.73));
#1629 = LINE('',#1630,#1631);
#1630 = CARTESIAN_POINT('',(-0.9275,-0.11655,3.73));
#1631 = VECTOR('',#1632,1.);
#1632 = DIRECTION('',(1.,1.43773881689E-16,-4.788632213724E-32));
#1633 = ORIENTED_EDGE('',*,*,#1634,.T.);
#1634 = EDGE_CURVE('',#1627,#1635,#1637,.T.);
#1635 = VERTEX_POINT('',#1636);
#1636 = CARTESIAN_POINT('',(0.73,2.045585922872E-16,3.685));
#1637 = LINE('',#1638,#1639);
#1638 = CARTESIAN_POINT('',(0.73,0.682499659449,3.421486617973));
#1639 = VECTOR('',#1640,1.);
#1640 = DIRECTION('',(0.,0.932880669324,-0.360185586611));
#1641 = ORIENTED_EDGE('',*,*,#1642,.T.);
#1642 = EDGE_CURVE('',#1635,#1643,#1645,.T.);
#1643 = VERTEX_POINT('',#1644);
#1644 = CARTESIAN_POINT('',(1.81,2.045585922872E-16,3.685));
#1645 = LINE('',#1646,#1647);
#1646 = CARTESIAN_POINT('',(-2.585,2.045585922872E-16,3.685));
#1647 = VECTOR('',#1648,1.);
#1648 = DIRECTION('',(1.,0.,5.551115123126E-17));
#1649 = ORIENTED_EDGE('',*,*,#1650,.T.);
#1650 = EDGE_CURVE('',#1643,#1651,#1653,.T.);
#1651 = VERTEX_POINT('',#1652);
#1652 = CARTESIAN_POINT('',(1.81,-0.11655,3.73));
#1653 = LINE('',#1654,#1655);
#1654 = CARTESIAN_POINT('',(1.81,0.106662228694,3.643817672319));
#1655 = VECTOR('',#1656,1.);
#1656 = DIRECTION('',(0.,-0.932880669324,0.360185586611));
#1657 = ORIENTED_EDGE('',*,*,#1658,.T.);
#1658 = EDGE_CURVE('',#1651,#1659,#1661,.T.);
#1659 = VERTEX_POINT('',#1660);
#1660 = CARTESIAN_POINT('',(3.27,-0.11655,3.73));
#1661 = LINE('',#1662,#1663);
#1662 = CARTESIAN_POINT('',(0.3425,-0.11655,3.73));
#1663 = VECTOR('',#1664,1.);
#1664 = DIRECTION('',(1.,1.43773881689E-16,-4.788632213724E-32));
#1665 = ORIENTED_EDGE('',*,*,#1666,.T.);
#1666 = EDGE_CURVE('',#1659,#1667,#1669,.T.);
#1667 = VERTEX_POINT('',#1668);
#1668 = CARTESIAN_POINT('',(3.27,2.045585922872E-16,3.685));
#1669 = LINE('',#1670,#1671);
#1670 = CARTESIAN_POINT('',(3.27,0.682499659449,3.421486617973));
#1671 = VECTOR('',#1672,1.);
#1672 = DIRECTION('',(0.,0.932880669324,-0.360185586611));
#1673 = ORIENTED_EDGE('',*,*,#1674,.T.);
#1674 = EDGE_CURVE('',#1667,#1675,#1677,.T.);
#1675 = VERTEX_POINT('',#1676);
#1676 = CARTESIAN_POINT('',(4.35,2.045585922872E-16,3.685));
#1677 = LINE('',#1678,#1679);
#1678 = CARTESIAN_POINT('',(-2.585,2.045585922872E-16,3.685));
#1679 = VECTOR('',#1680,1.);
#1680 = DIRECTION('',(1.,0.,5.551115123126E-17));
#1681 = ORIENTED_EDGE('',*,*,#1682,.T.);
#1682 = EDGE_CURVE('',#1675,#1683,#1685,.T.);
#1683 = VERTEX_POINT('',#1684);
#1684 = CARTESIAN_POINT('',(4.35,-0.11655,3.73));
#1685 = LINE('',#1686,#1687);
#1686 = CARTESIAN_POINT('',(4.35,0.106662228694,3.643817672319));
#1687 = VECTOR('',#1688,1.);
#1688 = DIRECTION('',(0.,-0.932880669324,0.360185586611));
#1689 = ORIENTED_EDGE('',*,*,#1690,.T.);
#1690 = EDGE_CURVE('',#1683,#1691,#1693,.T.);
#1691 = VERTEX_POINT('',#1692);
#1692 = CARTESIAN_POINT('',(5.81,-0.11655,3.73));
#1693 = LINE('',#1694,#1695);
#1694 = CARTESIAN_POINT('',(1.6125,-0.11655,3.73));
#1695 = VECTOR('',#1696,1.);
#1696 = DIRECTION('',(1.,1.43773881689E-16,-4.788632213724E-32));
#1697 = ORIENTED_EDGE('',*,*,#1698,.T.);
#1698 = EDGE_CURVE('',#1691,#1699,#1701,.T.);
#1699 = VERTEX_POINT('',#1700);
#1700 = CARTESIAN_POINT('',(5.81,2.045585922872E-16,3.685));
#1701 = LINE('',#1702,#1703);
#1702 = CARTESIAN_POINT('',(5.81,0.682499659449,3.421486617973));
#1703 = VECTOR('',#1704,1.);
#1704 = DIRECTION('',(0.,0.932880669324,-0.360185586611));
#1705 = ORIENTED_EDGE('',*,*,#1706,.T.);
#1706 = EDGE_CURVE('',#1699,#1707,#1709,.T.);
#1707 = VERTEX_POINT('',#1708);
#1708 = CARTESIAN_POINT('',(7.665,2.045585922872E-16,3.685));
#1709 = LINE('',#1710,#1711);
#1710 = CARTESIAN_POINT('',(-2.585,2.045585922872E-16,3.685));
#1711 = VECTOR('',#1712,1.);
#1712 = DIRECTION('',(1.,0.,5.551115123126E-17));
#1713 = ORIENTED_EDGE('',*,*,#1714,.T.);
#1714 = EDGE_CURVE('',#1707,#1715,#1717,.T.);
#1715 = VERTEX_POINT('',#1716);
#1716 = CARTESIAN_POINT('',(7.665,-1.295,4.185));
#1717 = LINE('',#1718,#1719);
#1718 = CARTESIAN_POINT('',(7.665,2.045585922872E-16,3.685));
#1719 = VECTOR('',#1720,1.);
#1720 = DIRECTION('',(-5.178527991556E-17,-0.932880669324,0.360185586611
    ));
#1721 = ORIENTED_EDGE('',*,*,#1722,.F.);
#1722 = EDGE_CURVE('',#1556,#1715,#1723,.T.);
#1723 = LINE('',#1724,#1725);
#1724 = CARTESIAN_POINT('',(-2.585,-1.295,4.185));
#1725 = VECTOR('',#1726,1.);
#1726 = DIRECTION('',(1.,0.,5.551115123126E-17));
#1727 = PLANE('',#1728);
#1728 = AXIS2_PLACEMENT_3D('',#1729,#1730,#1731);
#1729 = CARTESIAN_POINT('',(-2.585,2.045585922872E-16,3.685));
#1730 = DIRECTION('',(5.178527991556E-17,-0.360185586611,-0.932880669324
    ));
#1731 = DIRECTION('',(-5.178527991556E-17,-0.932880669324,0.360185586611
    ));
#1732 = ADVANCED_FACE('',(#1733),#1751,.T.);
#1733 = FACE_BOUND('',#1734,.T.);
#1734 = EDGE_LOOP('',(#1735,#1736,#1744,#1750));
#1735 = ORIENTED_EDGE('',*,*,#1722,.T.);
#1736 = ORIENTED_EDGE('',*,*,#1737,.T.);
#1737 = EDGE_CURVE('',#1715,#1738,#1740,.T.);
#1738 = VERTEX_POINT('',#1739);
#1739 = CARTESIAN_POINT('',(7.665,-1.295,11.875000000001));
#1740 = LINE('',#1741,#1742);
#1741 = CARTESIAN_POINT('',(7.665,-1.295,4.185));
#1742 = VECTOR('',#1743,1.);
#1743 = DIRECTION('',(0.,5.551115123126E-17,1.));
#1744 = ORIENTED_EDGE('',*,*,#1745,.F.);
#1745 = EDGE_CURVE('',#1564,#1738,#1746,.T.);
#1746 = LINE('',#1747,#1748);
#1747 = CARTESIAN_POINT('',(-2.585,-1.295,11.875000000001));
#1748 = VECTOR('',#1749,1.);
#1749 = DIRECTION('',(1.,0.,5.551115123126E-17));
#1750 = ORIENTED_EDGE('',*,*,#1563,.F.);
#1751 = PLANE('',#1752);
#1752 = AXIS2_PLACEMENT_3D('',#1753,#1754,#1755);
#1753 = CARTESIAN_POINT('',(-2.585,-1.295,4.185));
#1754 = DIRECTION('',(-3.08148791102E-33,-1.,5.551115123126E-17));
#1755 = DIRECTION('',(0.,5.551115123126E-17,1.));
#1756 = ADVANCED_FACE('',(#1757),#1775,.T.);
#1757 = FACE_BOUND('',#1758,.T.);
#1758 = EDGE_LOOP('',(#1759,#1760,#1768,#1774));
#1759 = ORIENTED_EDGE('',*,*,#1745,.T.);
#1760 = ORIENTED_EDGE('',*,*,#1761,.T.);
#1761 = EDGE_CURVE('',#1738,#1762,#1764,.T.);
#1762 = VERTEX_POINT('',#1763);
#1763 = CARTESIAN_POINT('',(7.665,-0.295,12.875));
#1764 = LINE('',#1765,#1766);
#1765 = CARTESIAN_POINT('',(7.665,-1.295,11.875000000001));
#1766 = VECTOR('',#1767,1.);
#1767 = DIRECTION('',(3.925231146711E-17,0.707106781187,0.707106781186)
  );
#1768 = ORIENTED_EDGE('',*,*,#1769,.F.);
#1769 = EDGE_CURVE('',#1572,#1762,#1770,.T.);
#1770 = LINE('',#1771,#1772);
#1771 = CARTESIAN_POINT('',(-2.585,-0.295,12.875));
#1772 = VECTOR('',#1773,1.);
#1773 = DIRECTION('',(1.,0.,5.551115123126E-17));
#1774 = ORIENTED_EDGE('',*,*,#1571,.F.);
#1775 = PLANE('',#1776);
#1776 = AXIS2_PLACEMENT_3D('',#1777,#1778,#1779);
#1777 = CARTESIAN_POINT('',(-2.585,-1.295,11.875000000001));
#1778 = DIRECTION('',(-3.925231146711E-17,-0.707106781186,0.707106781187
    ));
#1779 = DIRECTION('',(3.925231146711E-17,0.707106781187,0.707106781186)
  );
#1780 = ADVANCED_FACE('',(#1781),#1831,.T.);
#1781 = FACE_BOUND('',#1782,.T.);
#1782 = EDGE_LOOP('',(#1783,#1784,#1785,#1793,#1801,#1809,#1817,#1825));
#1783 = ORIENTED_EDGE('',*,*,#1579,.F.);
#1784 = ORIENTED_EDGE('',*,*,#1769,.T.);
#1785 = ORIENTED_EDGE('',*,*,#1786,.T.);
#1786 = EDGE_CURVE('',#1762,#1787,#1789,.T.);
#1787 = VERTEX_POINT('',#1788);
#1788 = CARTESIAN_POINT('',(7.665,3.15,12.875));
#1789 = LINE('',#1790,#1791);
#1790 = CARTESIAN_POINT('',(7.665,-0.295,12.875));
#1791 = VECTOR('',#1792,1.);
#1792 = DIRECTION('',(5.551115123126E-17,1.,0.));
#1793 = ORIENTED_EDGE('',*,*,#1794,.F.);
#1794 = EDGE_CURVE('',#1795,#1787,#1797,.T.);
#1795 = VERTEX_POINT('',#1796);
#1796 = CARTESIAN_POINT('',(7.655,3.15,12.875));
#1797 = LINE('',#1798,#1799);
#1798 = CARTESIAN_POINT('',(-2.585,3.15,12.875));
#1799 = VECTOR('',#1800,1.);
#1800 = DIRECTION('',(1.,0.,5.551115123126E-17));
#1801 = ORIENTED_EDGE('',*,*,#1802,.F.);
#1802 = EDGE_CURVE('',#1803,#1795,#1805,.T.);
#1803 = VERTEX_POINT('',#1804);
#1804 = CARTESIAN_POINT('',(7.655,1.89,12.875));
#1805 = LINE('',#1806,#1807);
#1806 = CARTESIAN_POINT('',(7.655,1.4325,12.875));
#1807 = VECTOR('',#1808,1.);
#1808 = DIRECTION('',(0.,1.,-3.08148791102E-33));
#1809 = ORIENTED_EDGE('',*,*,#1810,.F.);
#1810 = EDGE_CURVE('',#1811,#1803,#1813,.T.);
#1811 = VERTEX_POINT('',#1812);
#1812 = CARTESIAN_POINT('',(-2.575,1.89,12.875));
#1813 = LINE('',#1814,#1815);
#1814 = CARTESIAN_POINT('',(2.535,1.89,12.875));
#1815 = VECTOR('',#1816,1.);
#1816 = DIRECTION('',(1.,0.,5.551115123126E-17));
#1817 = ORIENTED_EDGE('',*,*,#1818,.F.);
#1818 = EDGE_CURVE('',#1819,#1811,#1821,.T.);
#1819 = VERTEX_POINT('',#1820);
#1820 = CARTESIAN_POINT('',(-2.575,3.15,12.875));
#1821 = LINE('',#1822,#1823);
#1822 = CARTESIAN_POINT('',(-2.575,0.7975,12.875));
#1823 = VECTOR('',#1824,1.);
#1824 = DIRECTION('',(0.,-1.,3.08148791102E-33));
#1825 = ORIENTED_EDGE('',*,*,#1826,.F.);
#1826 = EDGE_CURVE('',#1580,#1819,#1827,.T.);
#1827 = LINE('',#1828,#1829);
#1828 = CARTESIAN_POINT('',(-2.585,3.15,12.875));
#1829 = VECTOR('',#1830,1.);
#1830 = DIRECTION('',(1.,0.,5.551115123126E-17));
#1831 = PLANE('',#1832);
#1832 = AXIS2_PLACEMENT_3D('',#1833,#1834,#1835);
#1833 = CARTESIAN_POINT('',(-2.585,-0.295,12.875));
#1834 = DIRECTION('',(-5.551115123126E-17,3.08148791102E-33,1.));
#1835 = DIRECTION('',(5.551115123126E-17,1.,-1.820045856984E-46));
#1836 = ADVANCED_FACE('',(#1837),#1878,.T.);
#1837 = FACE_BOUND('',#1838,.T.);
#1838 = EDGE_LOOP('',(#1839,#1840,#1841,#1849,#1857,#1863,#1864,#1872));
#1839 = ORIENTED_EDGE('',*,*,#1587,.F.);
#1840 = ORIENTED_EDGE('',*,*,#1826,.T.);
#1841 = ORIENTED_EDGE('',*,*,#1842,.F.);
#1842 = EDGE_CURVE('',#1843,#1819,#1845,.T.);
#1843 = VERTEX_POINT('',#1844);
#1844 = CARTESIAN_POINT('',(-2.575,3.15,5.));
#1845 = LINE('',#1846,#1847);
#1846 = CARTESIAN_POINT('',(-2.575,3.15,8.9375));
#1847 = VECTOR('',#1848,1.);
#1848 = DIRECTION('',(0.,5.551115123126E-17,1.));
#1849 = ORIENTED_EDGE('',*,*,#1850,.T.);
#1850 = EDGE_CURVE('',#1843,#1851,#1853,.T.);
#1851 = VERTEX_POINT('',#1852);
#1852 = CARTESIAN_POINT('',(7.655,3.15,5.));
#1853 = LINE('',#1854,#1855);
#1854 = CARTESIAN_POINT('',(-2.58,3.15,5.));
#1855 = VECTOR('',#1856,1.);
#1856 = DIRECTION('',(1.,-3.08148791102E-33,0.));
#1857 = ORIENTED_EDGE('',*,*,#1858,.F.);
#1858 = EDGE_CURVE('',#1795,#1851,#1859,.T.);
#1859 = LINE('',#1860,#1861);
#1860 = CARTESIAN_POINT('',(7.655,3.15,8.9375));
#1861 = VECTOR('',#1862,1.);
#1862 = DIRECTION('',(0.,-5.551115123126E-17,-1.));
#1863 = ORIENTED_EDGE('',*,*,#1794,.T.);
#1864 = ORIENTED_EDGE('',*,*,#1865,.T.);
#1865 = EDGE_CURVE('',#1787,#1866,#1868,.T.);
#1866 = VERTEX_POINT('',#1867);
#1867 = CARTESIAN_POINT('',(7.665,3.15,4.185));
#1868 = LINE('',#1869,#1870);
#1869 = CARTESIAN_POINT('',(7.665,3.15,12.875));
#1870 = VECTOR('',#1871,1.);
#1871 = DIRECTION('',(0.,-5.551115123126E-17,-1.));
#1872 = ORIENTED_EDGE('',*,*,#1873,.F.);
#1873 = EDGE_CURVE('',#1588,#1866,#1874,.T.);
#1874 = LINE('',#1875,#1876);
#1875 = CARTESIAN_POINT('',(-2.585,3.15,4.185));
#1876 = VECTOR('',#1877,1.);
#1877 = DIRECTION('',(1.,0.,5.551115123126E-17));
#1878 = PLANE('',#1879);
#1879 = AXIS2_PLACEMENT_3D('',#1880,#1881,#1882);
#1880 = CARTESIAN_POINT('',(-2.585,3.15,12.875));
#1881 = DIRECTION('',(3.08148791102E-33,1.,-5.551115123126E-17));
#1882 = DIRECTION('',(0.,-5.551115123126E-17,-1.));
#1883 = ADVANCED_FACE('',(#1884),#1964,.T.);
#1884 = FACE_BOUND('',#1885,.T.);
#1885 = EDGE_LOOP('',(#1886,#1887,#1888,#1894,#1895,#1903,#1911,#1917,
    #1918,#1926,#1934,#1940,#1941,#1949,#1957,#1963));
#1886 = ORIENTED_EDGE('',*,*,#1595,.F.);
#1887 = ORIENTED_EDGE('',*,*,#1873,.T.);
#1888 = ORIENTED_EDGE('',*,*,#1889,.T.);
#1889 = EDGE_CURVE('',#1866,#1707,#1890,.T.);
#1890 = LINE('',#1891,#1892);
#1891 = CARTESIAN_POINT('',(7.665,3.15,4.185));
#1892 = VECTOR('',#1893,1.);
#1893 = DIRECTION('',(-5.482478518197E-17,-0.987635528464,
    -0.156767544201));
#1894 = ORIENTED_EDGE('',*,*,#1706,.F.);
#1895 = ORIENTED_EDGE('',*,*,#1896,.T.);
#1896 = EDGE_CURVE('',#1699,#1897,#1899,.T.);
#1897 = VERTEX_POINT('',#1898);
#1898 = CARTESIAN_POINT('',(5.81,0.2625,3.726666666667));
#1899 = LINE('',#1900,#1901);
#1900 = CARTESIAN_POINT('',(5.81,1.441169513394,3.913757065618));
#1901 = VECTOR('',#1902,1.);
#1902 = DIRECTION('',(0.,0.987635528464,0.156767544201));
#1903 = ORIENTED_EDGE('',*,*,#1904,.T.);
#1904 = EDGE_CURVE('',#1897,#1905,#1907,.T.);
#1905 = VERTEX_POINT('',#1906);
#1906 = CARTESIAN_POINT('',(4.35,0.2625,3.726666666667));
#1907 = LINE('',#1908,#1909);
#1908 = CARTESIAN_POINT('',(0.8825,0.2625,3.726666666667));
#1909 = VECTOR('',#1910,1.);
#1910 = DIRECTION('',(-1.,-1.848892746612E-32,-5.551115123126E-17));
#1911 = ORIENTED_EDGE('',*,*,#1912,.T.);
#1912 = EDGE_CURVE('',#1905,#1675,#1913,.T.);
#1913 = LINE('',#1914,#1915);
#1914 = CARTESIAN_POINT('',(4.35,1.706508048661,3.955874293438));
#1915 = VECTOR('',#1916,1.);
#1916 = DIRECTION('',(0.,-0.987635528464,-0.156767544201));
#1917 = ORIENTED_EDGE('',*,*,#1674,.F.);
#1918 = ORIENTED_EDGE('',*,*,#1919,.T.);
#1919 = EDGE_CURVE('',#1667,#1920,#1922,.T.);
#1920 = VERTEX_POINT('',#1921);
#1921 = CARTESIAN_POINT('',(3.27,0.2625,3.726666666667));
#1922 = LINE('',#1923,#1924);
#1923 = CARTESIAN_POINT('',(3.27,1.441169513394,3.913757065618));
#1924 = VECTOR('',#1925,1.);
#1925 = DIRECTION('',(0.,0.987635528464,0.156767544201));
#1926 = ORIENTED_EDGE('',*,*,#1927,.T.);
#1927 = EDGE_CURVE('',#1920,#1928,#1930,.T.);
#1928 = VERTEX_POINT('',#1929);
#1929 = CARTESIAN_POINT('',(1.81,0.2625,3.726666666667));
#1930 = LINE('',#1931,#1932);
#1931 = CARTESIAN_POINT('',(-0.3875,0.2625,3.726666666667));
#1932 = VECTOR('',#1933,1.);
#1933 = DIRECTION('',(-1.,-1.848892746612E-32,-5.551115123126E-17));
#1934 = ORIENTED_EDGE('',*,*,#1935,.T.);
#1935 = EDGE_CURVE('',#1928,#1643,#1936,.T.);
#1936 = LINE('',#1937,#1938);
#1937 = CARTESIAN_POINT('',(1.81,1.706508048661,3.955874293438));
#1938 = VECTOR('',#1939,1.);
#1939 = DIRECTION('',(0.,-0.987635528464,-0.156767544201));
#1940 = ORIENTED_EDGE('',*,*,#1642,.F.);
#1941 = ORIENTED_EDGE('',*,*,#1942,.T.);
#1942 = EDGE_CURVE('',#1635,#1943,#1945,.T.);
#1943 = VERTEX_POINT('',#1944);
#1944 = CARTESIAN_POINT('',(0.73,0.2625,3.726666666667));
#1945 = LINE('',#1946,#1947);
#1946 = CARTESIAN_POINT('',(0.73,1.441169513394,3.913757065618));
#1947 = VECTOR('',#1948,1.);
#1948 = DIRECTION('',(0.,0.987635528464,0.156767544201));
#1949 = ORIENTED_EDGE('',*,*,#1950,.T.);
#1950 = EDGE_CURVE('',#1943,#1951,#1953,.T.);
#1951 = VERTEX_POINT('',#1952);
#1952 = CARTESIAN_POINT('',(-0.73,0.2625,3.726666666667));
#1953 = LINE('',#1954,#1955);
#1954 = CARTESIAN_POINT('',(-1.6575,0.2625,3.726666666667));
#1955 = VECTOR('',#1956,1.);
#1956 = DIRECTION('',(-1.,-1.848892746612E-32,-5.551115123126E-17));
#1957 = ORIENTED_EDGE('',*,*,#1958,.T.);
#1958 = EDGE_CURVE('',#1951,#1611,#1959,.T.);
#1959 = LINE('',#1960,#1961);
#1960 = CARTESIAN_POINT('',(-0.73,1.706508048661,3.955874293438));
#1961 = VECTOR('',#1962,1.);
#1962 = DIRECTION('',(0.,-0.987635528464,-0.156767544201));
#1963 = ORIENTED_EDGE('',*,*,#1610,.F.);
#1964 = PLANE('',#1965);
#1965 = AXIS2_PLACEMENT_3D('',#1966,#1967,#1968);
#1966 = CARTESIAN_POINT('',(-2.585,3.15,4.185));
#1967 = DIRECTION('',(5.482478518197E-17,0.156767544201,-0.987635528464)
  );
#1968 = DIRECTION('',(-5.482478518197E-17,-0.987635528464,
    -0.156767544201));
#1969 = ADVANCED_FACE('',(#1970),#1978,.T.);
#1970 = FACE_BOUND('',#1971,.F.);
#1971 = EDGE_LOOP('',(#1972,#1973,#1974,#1975,#1976,#1977));
#1972 = ORIENTED_EDGE('',*,*,#1714,.T.);
#1973 = ORIENTED_EDGE('',*,*,#1737,.T.);
#1974 = ORIENTED_EDGE('',*,*,#1761,.T.);
#1975 = ORIENTED_EDGE('',*,*,#1786,.T.);
#1976 = ORIENTED_EDGE('',*,*,#1865,.T.);
#1977 = ORIENTED_EDGE('',*,*,#1889,.T.);
#1978 = PLANE('',#1979);
#1979 = AXIS2_PLACEMENT_3D('',#1980,#1981,#1982);
#1980 = CARTESIAN_POINT('',(7.665,2.045585922872E-16,3.685));
#1981 = DIRECTION('',(1.,0.,5.551115123126E-17));
#1982 = DIRECTION('',(-5.551115123126E-17,5.551115123126E-17,1.));
#1983 = ADVANCED_FACE('',(#1984),#2018,.F.);
#1984 = FACE_BOUND('',#1985,.F.);
#1985 = EDGE_LOOP('',(#1986,#1994,#2002,#2010,#2016,#2017));
#1986 = ORIENTED_EDGE('',*,*,#1987,.F.);
#1987 = EDGE_CURVE('',#1988,#1897,#1990,.T.);
#1988 = VERTEX_POINT('',#1989);
#1989 = CARTESIAN_POINT('',(5.81,0.2625,0.3025));
#1990 = LINE('',#1991,#1992);
#1991 = CARTESIAN_POINT('',(5.81,0.2625,0.3025));
#1992 = VECTOR('',#1993,1.);
#1993 = DIRECTION('',(0.,3.330669073875E-16,1.));
#1994 = ORIENTED_EDGE('',*,*,#1995,.T.);
#1995 = EDGE_CURVE('',#1988,#1996,#1998,.T.);
#1996 = VERTEX_POINT('',#1997);
#1997 = CARTESIAN_POINT('',(5.81,-0.2625,0.3025));
#1998 = LINE('',#1999,#2000);
#1999 = CARTESIAN_POINT('',(5.81,0.2625,0.3025));
#2000 = VECTOR('',#2001,1.);
#2001 = DIRECTION('',(0.,-1.,3.330669073875E-16));
#2002 = ORIENTED_EDGE('',*,*,#2003,.T.);
#2003 = EDGE_CURVE('',#1996,#2004,#2006,.T.);
#2004 = VERTEX_POINT('',#2005);
#2005 = CARTESIAN_POINT('',(5.81,-0.2625,3.73));
#2006 = LINE('',#2007,#2008);
#2007 = CARTESIAN_POINT('',(5.81,-0.2625,0.3025));
#2008 = VECTOR('',#2009,1.);
#2009 = DIRECTION('',(0.,3.330669073875E-16,1.));
#2010 = ORIENTED_EDGE('',*,*,#2011,.F.);
#2011 = EDGE_CURVE('',#1691,#2004,#2012,.T.);
#2012 = LINE('',#2013,#2014);
#2013 = CARTESIAN_POINT('',(5.81,0.2625,3.73));
#2014 = VECTOR('',#2015,1.);
#2015 = DIRECTION('',(0.,-1.,3.330669073875E-16));
#2016 = ORIENTED_EDGE('',*,*,#1698,.T.);
#2017 = ORIENTED_EDGE('',*,*,#1896,.T.);
#2018 = PLANE('',#2019);
#2019 = AXIS2_PLACEMENT_3D('',#2020,#2021,#2022);
#2020 = CARTESIAN_POINT('',(5.81,0.2625,0.3025));
#2021 = DIRECTION('',(-1.,0.,0.));
#2022 = DIRECTION('',(0.,3.330669073875E-16,1.));
#2023 = ADVANCED_FACE('',(#2024),#2042,.F.);
#2024 = FACE_BOUND('',#2025,.F.);
#2025 = EDGE_LOOP('',(#2026,#2027,#2028,#2036));
#2026 = ORIENTED_EDGE('',*,*,#1690,.T.);
#2027 = ORIENTED_EDGE('',*,*,#2011,.T.);
#2028 = ORIENTED_EDGE('',*,*,#2029,.T.);
#2029 = EDGE_CURVE('',#2004,#2030,#2032,.T.);
#2030 = VERTEX_POINT('',#2031);
#2031 = CARTESIAN_POINT('',(4.35,-0.2625,3.73));
#2032 = LINE('',#2033,#2034);
#2033 = CARTESIAN_POINT('',(5.81,-0.2625,3.73));
#2034 = VECTOR('',#2035,1.);
#2035 = DIRECTION('',(-1.,0.,0.));
#2036 = ORIENTED_EDGE('',*,*,#2037,.F.);
#2037 = EDGE_CURVE('',#1683,#2030,#2038,.T.);
#2038 = LINE('',#2039,#2040);
#2039 = CARTESIAN_POINT('',(4.35,0.2625,3.73));
#2040 = VECTOR('',#2041,1.);
#2041 = DIRECTION('',(0.,-1.,3.330669073875E-16));
#2042 = PLANE('',#2043);
#2043 = AXIS2_PLACEMENT_3D('',#2044,#2045,#2046);
#2044 = CARTESIAN_POINT('',(5.81,0.2625,3.73));
#2045 = DIRECTION('',(0.,-3.330669073875E-16,-1.));
#2046 = DIRECTION('',(-1.,-0.,0.));
#2047 = ADVANCED_FACE('',(#2048),#2075,.F.);
#2048 = FACE_BOUND('',#2049,.F.);
#2049 = EDGE_LOOP('',(#2050,#2051,#2052,#2060,#2068,#2074));
#2050 = ORIENTED_EDGE('',*,*,#1682,.T.);
#2051 = ORIENTED_EDGE('',*,*,#2037,.T.);
#2052 = ORIENTED_EDGE('',*,*,#2053,.T.);
#2053 = EDGE_CURVE('',#2030,#2054,#2056,.T.);
#2054 = VERTEX_POINT('',#2055);
#2055 = CARTESIAN_POINT('',(4.35,-0.2625,0.3025));
#2056 = LINE('',#2057,#2058);
#2057 = CARTESIAN_POINT('',(4.35,-0.2625,3.73));
#2058 = VECTOR('',#2059,1.);
#2059 = DIRECTION('',(0.,-3.330669073875E-16,-1.));
#2060 = ORIENTED_EDGE('',*,*,#2061,.F.);
#2061 = EDGE_CURVE('',#2062,#2054,#2064,.T.);
#2062 = VERTEX_POINT('',#2063);
#2063 = CARTESIAN_POINT('',(4.35,0.2625,0.3025));
#2064 = LINE('',#2065,#2066);
#2065 = CARTESIAN_POINT('',(4.35,0.2625,0.3025));
#2066 = VECTOR('',#2067,1.);
#2067 = DIRECTION('',(0.,-1.,3.330669073875E-16));
#2068 = ORIENTED_EDGE('',*,*,#2069,.F.);
#2069 = EDGE_CURVE('',#1905,#2062,#2070,.T.);
#2070 = LINE('',#2071,#2072);
#2071 = CARTESIAN_POINT('',(4.35,0.2625,3.73));
#2072 = VECTOR('',#2073,1.);
#2073 = DIRECTION('',(0.,-3.330669073875E-16,-1.));
#2074 = ORIENTED_EDGE('',*,*,#1912,.T.);
#2075 = PLANE('',#2076);
#2076 = AXIS2_PLACEMENT_3D('',#2077,#2078,#2079);
#2077 = CARTESIAN_POINT('',(4.35,0.2625,3.73));
#2078 = DIRECTION('',(1.,0.,0.));
#2079 = DIRECTION('',(0.,-3.330669073875E-16,-1.));
#2080 = ADVANCED_FACE('',(#2081),#2115,.F.);
#2081 = FACE_BOUND('',#2082,.F.);
#2082 = EDGE_LOOP('',(#2083,#2091,#2099,#2107,#2113,#2114));
#2083 = ORIENTED_EDGE('',*,*,#2084,.F.);
#2084 = EDGE_CURVE('',#2085,#1920,#2087,.T.);
#2085 = VERTEX_POINT('',#2086);
#2086 = CARTESIAN_POINT('',(3.27,0.2625,0.3025));
#2087 = LINE('',#2088,#2089);
#2088 = CARTESIAN_POINT('',(3.27,0.2625,0.3025));
#2089 = VECTOR('',#2090,1.);
#2090 = DIRECTION('',(0.,3.330669073875E-16,1.));
#2091 = ORIENTED_EDGE('',*,*,#2092,.T.);
#2092 = EDGE_CURVE('',#2085,#2093,#2095,.T.);
#2093 = VERTEX_POINT('',#2094);
#2094 = CARTESIAN_POINT('',(3.27,-0.2625,0.3025));
#2095 = LINE('',#2096,#2097);
#2096 = CARTESIAN_POINT('',(3.27,0.2625,0.3025));
#2097 = VECTOR('',#2098,1.);
#2098 = DIRECTION('',(0.,-1.,3.330669073875E-16));
#2099 = ORIENTED_EDGE('',*,*,#2100,.T.);
#2100 = EDGE_CURVE('',#2093,#2101,#2103,.T.);
#2101 = VERTEX_POINT('',#2102);
#2102 = CARTESIAN_POINT('',(3.27,-0.2625,3.73));
#2103 = LINE('',#2104,#2105);
#2104 = CARTESIAN_POINT('',(3.27,-0.2625,0.3025));
#2105 = VECTOR('',#2106,1.);
#2106 = DIRECTION('',(0.,3.330669073875E-16,1.));
#2107 = ORIENTED_EDGE('',*,*,#2108,.F.);
#2108 = EDGE_CURVE('',#1659,#2101,#2109,.T.);
#2109 = LINE('',#2110,#2111);
#2110 = CARTESIAN_POINT('',(3.27,0.2625,3.73));
#2111 = VECTOR('',#2112,1.);
#2112 = DIRECTION('',(0.,-1.,3.330669073875E-16));
#2113 = ORIENTED_EDGE('',*,*,#1666,.T.);
#2114 = ORIENTED_EDGE('',*,*,#1919,.T.);
#2115 = PLANE('',#2116);
#2116 = AXIS2_PLACEMENT_3D('',#2117,#2118,#2119);
#2117 = CARTESIAN_POINT('',(3.27,0.2625,0.3025));
#2118 = DIRECTION('',(-1.,0.,0.));
#2119 = DIRECTION('',(0.,3.330669073875E-16,1.));
#2120 = ADVANCED_FACE('',(#2121),#2139,.F.);
#2121 = FACE_BOUND('',#2122,.F.);
#2122 = EDGE_LOOP('',(#2123,#2124,#2125,#2133));
#2123 = ORIENTED_EDGE('',*,*,#1658,.T.);
#2124 = ORIENTED_EDGE('',*,*,#2108,.T.);
#2125 = ORIENTED_EDGE('',*,*,#2126,.T.);
#2126 = EDGE_CURVE('',#2101,#2127,#2129,.T.);
#2127 = VERTEX_POINT('',#2128);
#2128 = CARTESIAN_POINT('',(1.81,-0.2625,3.73));
#2129 = LINE('',#2130,#2131);
#2130 = CARTESIAN_POINT('',(3.27,-0.2625,3.73));
#2131 = VECTOR('',#2132,1.);
#2132 = DIRECTION('',(-1.,0.,0.));
#2133 = ORIENTED_EDGE('',*,*,#2134,.F.);
#2134 = EDGE_CURVE('',#1651,#2127,#2135,.T.);
#2135 = LINE('',#2136,#2137);
#2136 = CARTESIAN_POINT('',(1.81,0.2625,3.73));
#2137 = VECTOR('',#2138,1.);
#2138 = DIRECTION('',(0.,-1.,3.330669073875E-16));
#2139 = PLANE('',#2140);
#2140 = AXIS2_PLACEMENT_3D('',#2141,#2142,#2143);
#2141 = CARTESIAN_POINT('',(3.27,0.2625,3.73));
#2142 = DIRECTION('',(0.,-3.330669073875E-16,-1.));
#2143 = DIRECTION('',(-1.,-0.,0.));
#2144 = ADVANCED_FACE('',(#2145),#2172,.F.);
#2145 = FACE_BOUND('',#2146,.F.);
#2146 = EDGE_LOOP('',(#2147,#2148,#2149,#2157,#2165,#2171));
#2147 = ORIENTED_EDGE('',*,*,#1650,.T.);
#2148 = ORIENTED_EDGE('',*,*,#2134,.T.);
#2149 = ORIENTED_EDGE('',*,*,#2150,.T.);
#2150 = EDGE_CURVE('',#2127,#2151,#2153,.T.);
#2151 = VERTEX_POINT('',#2152);
#2152 = CARTESIAN_POINT('',(1.81,-0.2625,0.3025));
#2153 = LINE('',#2154,#2155);
#2154 = CARTESIAN_POINT('',(1.81,-0.2625,3.73));
#2155 = VECTOR('',#2156,1.);
#2156 = DIRECTION('',(0.,-3.330669073875E-16,-1.));
#2157 = ORIENTED_EDGE('',*,*,#2158,.F.);
#2158 = EDGE_CURVE('',#2159,#2151,#2161,.T.);
#2159 = VERTEX_POINT('',#2160);
#2160 = CARTESIAN_POINT('',(1.81,0.2625,0.3025));
#2161 = LINE('',#2162,#2163);
#2162 = CARTESIAN_POINT('',(1.81,0.2625,0.3025));
#2163 = VECTOR('',#2164,1.);
#2164 = DIRECTION('',(0.,-1.,3.330669073875E-16));
#2165 = ORIENTED_EDGE('',*,*,#2166,.F.);
#2166 = EDGE_CURVE('',#1928,#2159,#2167,.T.);
#2167 = LINE('',#2168,#2169);
#2168 = CARTESIAN_POINT('',(1.81,0.2625,3.73));
#2169 = VECTOR('',#2170,1.);
#2170 = DIRECTION('',(0.,-3.330669073875E-16,-1.));
#2171 = ORIENTED_EDGE('',*,*,#1935,.T.);
#2172 = PLANE('',#2173);
#2173 = AXIS2_PLACEMENT_3D('',#2174,#2175,#2176);
#2174 = CARTESIAN_POINT('',(1.81,0.2625,3.73));
#2175 = DIRECTION('',(1.,0.,0.));
#2176 = DIRECTION('',(0.,-3.330669073875E-16,-1.));
#2177 = ADVANCED_FACE('',(#2178),#2212,.F.);
#2178 = FACE_BOUND('',#2179,.F.);
#2179 = EDGE_LOOP('',(#2180,#2188,#2196,#2204,#2210,#2211));
#2180 = ORIENTED_EDGE('',*,*,#2181,.F.);
#2181 = EDGE_CURVE('',#2182,#1943,#2184,.T.);
#2182 = VERTEX_POINT('',#2183);
#2183 = CARTESIAN_POINT('',(0.73,0.2625,0.302499999998));
#2184 = LINE('',#2185,#2186);
#2185 = CARTESIAN_POINT('',(0.73,0.2625,0.302499999998));
#2186 = VECTOR('',#2187,1.);
#2187 = DIRECTION('',(0.,3.330669073875E-16,1.));
#2188 = ORIENTED_EDGE('',*,*,#2189,.T.);
#2189 = EDGE_CURVE('',#2182,#2190,#2192,.T.);
#2190 = VERTEX_POINT('',#2191);
#2191 = CARTESIAN_POINT('',(0.73,-0.2625,0.302499999998));
#2192 = LINE('',#2193,#2194);
#2193 = CARTESIAN_POINT('',(0.73,0.2625,0.302499999998));
#2194 = VECTOR('',#2195,1.);
#2195 = DIRECTION('',(0.,-1.,3.330669073875E-16));
#2196 = ORIENTED_EDGE('',*,*,#2197,.T.);
#2197 = EDGE_CURVE('',#2190,#2198,#2200,.T.);
#2198 = VERTEX_POINT('',#2199);
#2199 = CARTESIAN_POINT('',(0.73,-0.2625,3.73));
#2200 = LINE('',#2201,#2202);
#2201 = CARTESIAN_POINT('',(0.73,-0.2625,0.302499999998));
#2202 = VECTOR('',#2203,1.);
#2203 = DIRECTION('',(0.,3.330669073875E-16,1.));
#2204 = ORIENTED_EDGE('',*,*,#2205,.F.);
#2205 = EDGE_CURVE('',#1627,#2198,#2206,.T.);
#2206 = LINE('',#2207,#2208);
#2207 = CARTESIAN_POINT('',(0.73,0.2625,3.73));
#2208 = VECTOR('',#2209,1.);
#2209 = DIRECTION('',(0.,-1.,3.330669073875E-16));
#2210 = ORIENTED_EDGE('',*,*,#1634,.T.);
#2211 = ORIENTED_EDGE('',*,*,#1942,.T.);
#2212 = PLANE('',#2213);
#2213 = AXIS2_PLACEMENT_3D('',#2214,#2215,#2216);
#2214 = CARTESIAN_POINT('',(0.73,0.2625,0.302499999998));
#2215 = DIRECTION('',(-1.,0.,0.));
#2216 = DIRECTION('',(0.,3.330669073875E-16,1.));
#2217 = ADVANCED_FACE('',(#2218),#2236,.F.);
#2218 = FACE_BOUND('',#2219,.F.);
#2219 = EDGE_LOOP('',(#2220,#2221,#2222,#2230));
#2220 = ORIENTED_EDGE('',*,*,#1626,.T.);
#2221 = ORIENTED_EDGE('',*,*,#2205,.T.);
#2222 = ORIENTED_EDGE('',*,*,#2223,.T.);
#2223 = EDGE_CURVE('',#2198,#2224,#2226,.T.);
#2224 = VERTEX_POINT('',#2225);
#2225 = CARTESIAN_POINT('',(-0.73,-0.2625,3.73));
#2226 = LINE('',#2227,#2228);
#2227 = CARTESIAN_POINT('',(0.73,-0.2625,3.73));
#2228 = VECTOR('',#2229,1.);
#2229 = DIRECTION('',(-1.,0.,0.));
#2230 = ORIENTED_EDGE('',*,*,#2231,.F.);
#2231 = EDGE_CURVE('',#1619,#2224,#2232,.T.);
#2232 = LINE('',#2233,#2234);
#2233 = CARTESIAN_POINT('',(-0.73,0.2625,3.73));
#2234 = VECTOR('',#2235,1.);
#2235 = DIRECTION('',(0.,-1.,3.330669073875E-16));
#2236 = PLANE('',#2237);
#2237 = AXIS2_PLACEMENT_3D('',#2238,#2239,#2240);
#2238 = CARTESIAN_POINT('',(0.73,0.2625,3.73));
#2239 = DIRECTION('',(0.,-3.330669073875E-16,-1.));
#2240 = DIRECTION('',(-1.,-0.,0.));
#2241 = ADVANCED_FACE('',(#2242),#2269,.F.);
#2242 = FACE_BOUND('',#2243,.F.);
#2243 = EDGE_LOOP('',(#2244,#2245,#2246,#2254,#2262,#2268));
#2244 = ORIENTED_EDGE('',*,*,#1618,.T.);
#2245 = ORIENTED_EDGE('',*,*,#2231,.T.);
#2246 = ORIENTED_EDGE('',*,*,#2247,.T.);
#2247 = EDGE_CURVE('',#2224,#2248,#2250,.T.);
#2248 = VERTEX_POINT('',#2249);
#2249 = CARTESIAN_POINT('',(-0.73,-0.2625,0.302499999998));
#2250 = LINE('',#2251,#2252);
#2251 = CARTESIAN_POINT('',(-0.73,-0.2625,3.73));
#2252 = VECTOR('',#2253,1.);
#2253 = DIRECTION('',(0.,-3.330669073875E-16,-1.));
#2254 = ORIENTED_EDGE('',*,*,#2255,.F.);
#2255 = EDGE_CURVE('',#2256,#2248,#2258,.T.);
#2256 = VERTEX_POINT('',#2257);
#2257 = CARTESIAN_POINT('',(-0.73,0.2625,0.302499999998));
#2258 = LINE('',#2259,#2260);
#2259 = CARTESIAN_POINT('',(-0.73,0.2625,0.302499999998));
#2260 = VECTOR('',#2261,1.);
#2261 = DIRECTION('',(0.,-1.,3.330669073875E-16));
#2262 = ORIENTED_EDGE('',*,*,#2263,.F.);
#2263 = EDGE_CURVE('',#1951,#2256,#2264,.T.);
#2264 = LINE('',#2265,#2266);
#2265 = CARTESIAN_POINT('',(-0.73,0.2625,3.73));
#2266 = VECTOR('',#2267,1.);
#2267 = DIRECTION('',(0.,-3.330669073875E-16,-1.));
#2268 = ORIENTED_EDGE('',*,*,#1958,.T.);
#2269 = PLANE('',#2270);
#2270 = AXIS2_PLACEMENT_3D('',#2271,#2272,#2273);
#2271 = CARTESIAN_POINT('',(-0.73,0.2625,3.73));
#2272 = DIRECTION('',(1.,0.,0.));
#2273 = DIRECTION('',(0.,-3.330669073875E-16,-1.));
#2274 = ADVANCED_FACE('',(#2275),#2309,.T.);
#2275 = FACE_BOUND('',#2276,.T.);
#2276 = EDGE_LOOP('',(#2277,#2278,#2286,#2294,#2302,#2308));
#2277 = ORIENTED_EDGE('',*,*,#1818,.T.);
#2278 = ORIENTED_EDGE('',*,*,#2279,.T.);
#2279 = EDGE_CURVE('',#1811,#2280,#2282,.T.);
#2280 = VERTEX_POINT('',#2281);
#2281 = CARTESIAN_POINT('',(-2.575,1.89,18.775));
#2282 = LINE('',#2283,#2284);
#2283 = CARTESIAN_POINT('',(-2.575,1.89,5.));
#2284 = VECTOR('',#2285,1.);
#2285 = DIRECTION('',(0.,0.,1.));
#2286 = ORIENTED_EDGE('',*,*,#2287,.T.);
#2287 = EDGE_CURVE('',#2280,#2288,#2290,.T.);
#2288 = VERTEX_POINT('',#2289);
#2289 = CARTESIAN_POINT('',(-2.575,3.16,18.775));
#2290 = LINE('',#2291,#2292);
#2291 = CARTESIAN_POINT('',(-2.575,1.89,18.775));
#2292 = VECTOR('',#2293,1.);
#2293 = DIRECTION('',(0.,1.,0.));
#2294 = ORIENTED_EDGE('',*,*,#2295,.F.);
#2295 = EDGE_CURVE('',#2296,#2288,#2298,.T.);
#2296 = VERTEX_POINT('',#2297);
#2297 = CARTESIAN_POINT('',(-2.575,3.16,5.));
#2298 = LINE('',#2299,#2300);
#2299 = CARTESIAN_POINT('',(-2.575,3.16,5.));
#2300 = VECTOR('',#2301,1.);
#2301 = DIRECTION('',(0.,0.,1.));
#2302 = ORIENTED_EDGE('',*,*,#2303,.F.);
#2303 = EDGE_CURVE('',#1843,#2296,#2304,.T.);
#2304 = LINE('',#2305,#2306);
#2305 = CARTESIAN_POINT('',(-2.575,1.89,5.));
#2306 = VECTOR('',#2307,1.);
#2307 = DIRECTION('',(0.,1.,0.));
#2308 = ORIENTED_EDGE('',*,*,#1842,.T.);
#2309 = PLANE('',#2310);
#2310 = AXIS2_PLACEMENT_3D('',#2311,#2312,#2313);
#2311 = CARTESIAN_POINT('',(-2.575,1.89,5.));
#2312 = DIRECTION('',(-1.,0.,0.));
#2313 = DIRECTION('',(0.,1.,0.));
#2314 = ADVANCED_FACE('',(#2315,#2333),#2344,.T.);
#2315 = FACE_BOUND('',#2316,.T.);
#2316 = EDGE_LOOP('',(#2317,#2318,#2326,#2332));
#2317 = ORIENTED_EDGE('',*,*,#1810,.T.);
#2318 = ORIENTED_EDGE('',*,*,#2319,.T.);
#2319 = EDGE_CURVE('',#1803,#2320,#2322,.T.);
#2320 = VERTEX_POINT('',#2321);
#2321 = CARTESIAN_POINT('',(7.655,1.89,18.775));
#2322 = LINE('',#2323,#2324);
#2323 = CARTESIAN_POINT('',(7.655,1.89,5.));
#2324 = VECTOR('',#2325,1.);
#2325 = DIRECTION('',(0.,0.,1.));
#2326 = ORIENTED_EDGE('',*,*,#2327,.T.);
#2327 = EDGE_CURVE('',#2320,#2280,#2328,.T.);
#2328 = LINE('',#2329,#2330);
#2329 = CARTESIAN_POINT('',(7.655,1.89,18.775));
#2330 = VECTOR('',#2331,1.);
#2331 = DIRECTION('',(-1.,0.,0.));
#2332 = ORIENTED_EDGE('',*,*,#2279,.F.);
#2333 = FACE_BOUND('',#2334,.T.);
#2334 = EDGE_LOOP('',(#2335));
#2335 = ORIENTED_EDGE('',*,*,#2336,.F.);
#2336 = EDGE_CURVE('',#2337,#2337,#2339,.T.);
#2337 = VERTEX_POINT('',#2338);
#2338 = CARTESIAN_POINT('',(4.4075,1.89,16.005));
#2339 = CIRCLE('',#2340,1.8675);
#2340 = AXIS2_PLACEMENT_3D('',#2341,#2342,#2343);
#2341 = CARTESIAN_POINT('',(2.54,1.89,16.005));
#2342 = DIRECTION('',(0.,-1.,2.22044604925E-16));
#2343 = DIRECTION('',(1.,0.,0.));
#2344 = PLANE('',#2345);
#2345 = AXIS2_PLACEMENT_3D('',#2346,#2347,#2348);
#2346 = CARTESIAN_POINT('',(7.655,1.89,5.));
#2347 = DIRECTION('',(0.,-1.,0.));
#2348 = DIRECTION('',(-1.,0.,0.));
#2349 = ADVANCED_FACE('',(#2350),#2377,.T.);
#2350 = FACE_BOUND('',#2351,.T.);
#2351 = EDGE_LOOP('',(#2352,#2360,#2368,#2374,#2375,#2376));
#2352 = ORIENTED_EDGE('',*,*,#2353,.F.);
#2353 = EDGE_CURVE('',#2354,#1851,#2356,.T.);
#2354 = VERTEX_POINT('',#2355);
#2355 = CARTESIAN_POINT('',(7.655,3.16,5.));
#2356 = LINE('',#2357,#2358);
#2357 = CARTESIAN_POINT('',(7.655,3.16,5.));
#2358 = VECTOR('',#2359,1.);
#2359 = DIRECTION('',(0.,-1.,0.));
#2360 = ORIENTED_EDGE('',*,*,#2361,.T.);
#2361 = EDGE_CURVE('',#2354,#2362,#2364,.T.);
#2362 = VERTEX_POINT('',#2363);
#2363 = CARTESIAN_POINT('',(7.655,3.16,18.775));
#2364 = LINE('',#2365,#2366);
#2365 = CARTESIAN_POINT('',(7.655,3.16,5.));
#2366 = VECTOR('',#2367,1.);
#2367 = DIRECTION('',(0.,0.,1.));
#2368 = ORIENTED_EDGE('',*,*,#2369,.T.);
#2369 = EDGE_CURVE('',#2362,#2320,#2370,.T.);
#2370 = LINE('',#2371,#2372);
#2371 = CARTESIAN_POINT('',(7.655,3.16,18.775));
#2372 = VECTOR('',#2373,1.);
#2373 = DIRECTION('',(0.,-1.,0.));
#2374 = ORIENTED_EDGE('',*,*,#2319,.F.);
#2375 = ORIENTED_EDGE('',*,*,#1802,.T.);
#2376 = ORIENTED_EDGE('',*,*,#1858,.T.);
#2377 = PLANE('',#2378);
#2378 = AXIS2_PLACEMENT_3D('',#2379,#2380,#2381);
#2379 = CARTESIAN_POINT('',(7.655,3.16,5.));
#2380 = DIRECTION('',(1.,0.,0.));
#2381 = DIRECTION('',(0.,-1.,0.));
#2382 = ADVANCED_FACE('',(#2383),#2394,.F.);
#2383 = FACE_BOUND('',#2384,.F.);
#2384 = EDGE_LOOP('',(#2385,#2391,#2392,#2393));
#2385 = ORIENTED_EDGE('',*,*,#2386,.F.);
#2386 = EDGE_CURVE('',#2296,#2354,#2387,.T.);
#2387 = LINE('',#2388,#2389);
#2388 = CARTESIAN_POINT('',(-2.575,3.16,5.));
#2389 = VECTOR('',#2390,1.);
#2390 = DIRECTION('',(1.,0.,0.));
#2391 = ORIENTED_EDGE('',*,*,#2303,.F.);
#2392 = ORIENTED_EDGE('',*,*,#1850,.T.);
#2393 = ORIENTED_EDGE('',*,*,#2353,.F.);
#2394 = PLANE('',#2395);
#2395 = AXIS2_PLACEMENT_3D('',#2396,#2397,#2398);
#2396 = CARTESIAN_POINT('',(-2.575,3.16,5.));
#2397 = DIRECTION('',(0.,0.,1.));
#2398 = DIRECTION('',(1.,0.,-0.));
#2399 = ADVANCED_FACE('',(#2400),#2451,.F.);
#2400 = FACE_BOUND('',#2401,.F.);
#2401 = EDGE_LOOP('',(#2402,#2403,#2411,#2419,#2427,#2435,#2443,#2449,
    #2450));
#2402 = ORIENTED_EDGE('',*,*,#2263,.T.);
#2403 = ORIENTED_EDGE('',*,*,#2404,.T.);
#2404 = EDGE_CURVE('',#2256,#2405,#2407,.T.);
#2405 = VERTEX_POINT('',#2406);
#2406 = CARTESIAN_POINT('',(-0.4275,0.2625,-8.743006318923E-17));
#2407 = LINE('',#2408,#2409);
#2408 = CARTESIAN_POINT('',(-0.73,0.2625,0.302499999998));
#2409 = VECTOR('',#2410,1.);
#2410 = DIRECTION('',(0.707106781188,-2.355138688019E-16,-0.707106781185
    ));
#2411 = ORIENTED_EDGE('',*,*,#2412,.T.);
#2412 = EDGE_CURVE('',#2405,#2413,#2415,.T.);
#2413 = VERTEX_POINT('',#2414);
#2414 = CARTESIAN_POINT('',(-0.4275,0.2625,-9.009548279765));
#2415 = LINE('',#2416,#2417);
#2416 = CARTESIAN_POINT('',(-0.4275,0.2625,-8.743006318923E-17));
#2417 = VECTOR('',#2418,1.);
#2418 = DIRECTION('',(-6.161368972952E-18,-3.330669073875E-16,-1.));
#2419 = ORIENTED_EDGE('',*,*,#2420,.T.);
#2420 = EDGE_CURVE('',#2413,#2421,#2423,.T.);
#2421 = VERTEX_POINT('',#2422);
#2422 = CARTESIAN_POINT('',(0.,0.2625,-9.75));
#2423 = LINE('',#2424,#2425);
#2424 = CARTESIAN_POINT('',(-0.4275,0.2625,-9.009548279765));
#2425 = VECTOR('',#2426,1.);
#2426 = DIRECTION('',(0.5,-2.884444029576E-16,-0.866025403784));
#2427 = ORIENTED_EDGE('',*,*,#2428,.T.);
#2428 = EDGE_CURVE('',#2421,#2429,#2431,.T.);
#2429 = VERTEX_POINT('',#2430);
#2430 = CARTESIAN_POINT('',(0.4275,0.2625,-9.009548279765));
#2431 = LINE('',#2432,#2433);
#2432 = CARTESIAN_POINT('',(0.,0.2625,-9.75));
#2433 = VECTOR('',#2434,1.);
#2434 = DIRECTION('',(0.5,2.884444029576E-16,0.866025403784));
#2435 = ORIENTED_EDGE('',*,*,#2436,.T.);
#2436 = EDGE_CURVE('',#2429,#2437,#2439,.T.);
#2437 = VERTEX_POINT('',#2438);
#2438 = CARTESIAN_POINT('',(0.4275,0.2625,-8.743006318923E-17));
#2439 = LINE('',#2440,#2441);
#2440 = CARTESIAN_POINT('',(0.4275,0.2625,-9.009548279765));
#2441 = VECTOR('',#2442,1.);
#2442 = DIRECTION('',(0.,3.330669073875E-16,1.));
#2443 = ORIENTED_EDGE('',*,*,#2444,.T.);
#2444 = EDGE_CURVE('',#2437,#2182,#2445,.T.);
#2445 = LINE('',#2446,#2447);
#2446 = CARTESIAN_POINT('',(0.4275,0.2625,-8.743006318923E-17));
#2447 = VECTOR('',#2448,1.);
#2448 = DIRECTION('',(0.707106781188,2.355138688019E-16,0.707106781185)
  );
#2449 = ORIENTED_EDGE('',*,*,#2181,.T.);
#2450 = ORIENTED_EDGE('',*,*,#1950,.T.);
#2451 = PLANE('',#2452);
#2452 = AXIS2_PLACEMENT_3D('',#2453,#2454,#2455);
#2453 = CARTESIAN_POINT('',(-0.73,0.2625,0.302499999998));
#2454 = DIRECTION('',(0.,-1.,3.330669073875E-16));
#2455 = DIRECTION('',(0.,-3.330669073875E-16,-1.));
#2456 = ADVANCED_FACE('',(#2457),#2508,.F.);
#2457 = FACE_BOUND('',#2458,.F.);
#2458 = EDGE_LOOP('',(#2459,#2460,#2468,#2476,#2484,#2492,#2500,#2506,
    #2507));
#2459 = ORIENTED_EDGE('',*,*,#2166,.T.);
#2460 = ORIENTED_EDGE('',*,*,#2461,.T.);
#2461 = EDGE_CURVE('',#2159,#2462,#2464,.T.);
#2462 = VERTEX_POINT('',#2463);
#2463 = CARTESIAN_POINT('',(2.1125,0.2625,-8.743006318923E-17));
#2464 = LINE('',#2465,#2466);
#2465 = CARTESIAN_POINT('',(1.81,0.2625,0.3025));
#2466 = VECTOR('',#2467,1.);
#2467 = DIRECTION('',(0.707106781187,-2.355138688025E-16,-0.707106781186
    ));
#2468 = ORIENTED_EDGE('',*,*,#2469,.T.);
#2469 = EDGE_CURVE('',#2462,#2470,#2472,.T.);
#2470 = VERTEX_POINT('',#2471);
#2471 = CARTESIAN_POINT('',(2.1125,0.2625,-9.009548279765));
#2472 = LINE('',#2473,#2474);
#2473 = CARTESIAN_POINT('',(2.1125,0.2625,-8.743006318923E-17));
#2474 = VECTOR('',#2475,1.);
#2475 = DIRECTION('',(0.,-3.330669073875E-16,-1.));
#2476 = ORIENTED_EDGE('',*,*,#2477,.T.);
#2477 = EDGE_CURVE('',#2470,#2478,#2480,.T.);
#2478 = VERTEX_POINT('',#2479);
#2479 = CARTESIAN_POINT('',(2.54,0.2625,-9.75));
#2480 = LINE('',#2481,#2482);
#2481 = CARTESIAN_POINT('',(2.1125,0.2625,-9.009548279765));
#2482 = VECTOR('',#2483,1.);
#2483 = DIRECTION('',(0.5,-2.884444029576E-16,-0.866025403784));
#2484 = ORIENTED_EDGE('',*,*,#2485,.T.);
#2485 = EDGE_CURVE('',#2478,#2486,#2488,.T.);
#2486 = VERTEX_POINT('',#2487);
#2487 = CARTESIAN_POINT('',(2.9675,0.2625,-9.009548279765));
#2488 = LINE('',#2489,#2490);
#2489 = CARTESIAN_POINT('',(2.54,0.2625,-9.75));
#2490 = VECTOR('',#2491,1.);
#2491 = DIRECTION('',(0.5,2.884444029576E-16,0.866025403784));
#2492 = ORIENTED_EDGE('',*,*,#2493,.T.);
#2493 = EDGE_CURVE('',#2486,#2494,#2496,.T.);
#2494 = VERTEX_POINT('',#2495);
#2495 = CARTESIAN_POINT('',(2.9675,0.2625,-8.743006318923E-17));
#2496 = LINE('',#2497,#2498);
#2497 = CARTESIAN_POINT('',(2.9675,0.2625,-9.009548279765));
#2498 = VECTOR('',#2499,1.);
#2499 = DIRECTION('',(0.,3.330669073875E-16,1.));
#2500 = ORIENTED_EDGE('',*,*,#2501,.T.);
#2501 = EDGE_CURVE('',#2494,#2085,#2502,.T.);
#2502 = LINE('',#2503,#2504);
#2503 = CARTESIAN_POINT('',(2.9675,0.2625,-8.743006318923E-17));
#2504 = VECTOR('',#2505,1.);
#2505 = DIRECTION('',(0.707106781187,2.355138688025E-16,0.707106781186)
  );
#2506 = ORIENTED_EDGE('',*,*,#2084,.T.);
#2507 = ORIENTED_EDGE('',*,*,#1927,.T.);
#2508 = PLANE('',#2509);
#2509 = AXIS2_PLACEMENT_3D('',#2510,#2511,#2512);
#2510 = CARTESIAN_POINT('',(1.81,0.2625,0.3025));
#2511 = DIRECTION('',(0.,-1.,3.330669073875E-16));
#2512 = DIRECTION('',(0.,-3.330669073875E-16,-1.));
#2513 = ADVANCED_FACE('',(#2514),#2565,.F.);
#2514 = FACE_BOUND('',#2515,.F.);
#2515 = EDGE_LOOP('',(#2516,#2517,#2525,#2533,#2541,#2549,#2557,#2563,
    #2564));
#2516 = ORIENTED_EDGE('',*,*,#2069,.T.);
#2517 = ORIENTED_EDGE('',*,*,#2518,.T.);
#2518 = EDGE_CURVE('',#2062,#2519,#2521,.T.);
#2519 = VERTEX_POINT('',#2520);
#2520 = CARTESIAN_POINT('',(4.6525,0.2625,-8.743006318923E-17));
#2521 = LINE('',#2522,#2523);
#2522 = CARTESIAN_POINT('',(4.35,0.2625,0.3025));
#2523 = VECTOR('',#2524,1.);
#2524 = DIRECTION('',(0.707106781187,-2.355138688025E-16,-0.707106781186
    ));
#2525 = ORIENTED_EDGE('',*,*,#2526,.T.);
#2526 = EDGE_CURVE('',#2519,#2527,#2529,.T.);
#2527 = VERTEX_POINT('',#2528);
#2528 = CARTESIAN_POINT('',(4.6525,0.2625,-9.009548279765));
#2529 = LINE('',#2530,#2531);
#2530 = CARTESIAN_POINT('',(4.6525,0.2625,-8.743006318923E-17));
#2531 = VECTOR('',#2532,1.);
#2532 = DIRECTION('',(0.,-3.330669073875E-16,-1.));
#2533 = ORIENTED_EDGE('',*,*,#2534,.T.);
#2534 = EDGE_CURVE('',#2527,#2535,#2537,.T.);
#2535 = VERTEX_POINT('',#2536);
#2536 = CARTESIAN_POINT('',(5.08,0.2625,-9.75));
#2537 = LINE('',#2538,#2539);
#2538 = CARTESIAN_POINT('',(4.6525,0.2625,-9.009548279765));
#2539 = VECTOR('',#2540,1.);
#2540 = DIRECTION('',(0.5,-2.884444029576E-16,-0.866025403784));
#2541 = ORIENTED_EDGE('',*,*,#2542,.T.);
#2542 = EDGE_CURVE('',#2535,#2543,#2545,.T.);
#2543 = VERTEX_POINT('',#2544);
#2544 = CARTESIAN_POINT('',(5.5075,0.2625,-9.009548279765));
#2545 = LINE('',#2546,#2547);
#2546 = CARTESIAN_POINT('',(5.08,0.2625,-9.75));
#2547 = VECTOR('',#2548,1.);
#2548 = DIRECTION('',(0.5,2.884444029576E-16,0.866025403784));
#2549 = ORIENTED_EDGE('',*,*,#2550,.T.);
#2550 = EDGE_CURVE('',#2543,#2551,#2553,.T.);
#2551 = VERTEX_POINT('',#2552);
#2552 = CARTESIAN_POINT('',(5.5075,0.2625,-8.743006318923E-17));
#2553 = LINE('',#2554,#2555);
#2554 = CARTESIAN_POINT('',(5.5075,0.2625,-9.009548279765));
#2555 = VECTOR('',#2556,1.);
#2556 = DIRECTION('',(0.,3.330669073875E-16,1.));
#2557 = ORIENTED_EDGE('',*,*,#2558,.T.);
#2558 = EDGE_CURVE('',#2551,#1988,#2559,.T.);
#2559 = LINE('',#2560,#2561);
#2560 = CARTESIAN_POINT('',(5.5075,0.2625,-8.743006318923E-17));
#2561 = VECTOR('',#2562,1.);
#2562 = DIRECTION('',(0.707106781187,2.355138688025E-16,0.707106781186)
  );
#2563 = ORIENTED_EDGE('',*,*,#1987,.T.);
#2564 = ORIENTED_EDGE('',*,*,#1904,.T.);
#2565 = PLANE('',#2566);
#2566 = AXIS2_PLACEMENT_3D('',#2567,#2568,#2569);
#2567 = CARTESIAN_POINT('',(4.35,0.2625,0.3025));
#2568 = DIRECTION('',(0.,-1.,3.330669073875E-16));
#2569 = DIRECTION('',(0.,-3.330669073875E-16,-1.));
#2570 = ADVANCED_FACE('',(#2571),#2622,.T.);
#2571 = FACE_BOUND('',#2572,.T.);
#2572 = EDGE_LOOP('',(#2573,#2581,#2589,#2597,#2605,#2613,#2619,#2620,
    #2621));
#2573 = ORIENTED_EDGE('',*,*,#2574,.T.);
#2574 = EDGE_CURVE('',#2054,#2575,#2577,.T.);
#2575 = VERTEX_POINT('',#2576);
#2576 = CARTESIAN_POINT('',(4.6525,-0.2625,8.743006318923E-17));
#2577 = LINE('',#2578,#2579);
#2578 = CARTESIAN_POINT('',(4.35,-0.2625,0.3025));
#2579 = VECTOR('',#2580,1.);
#2580 = DIRECTION('',(0.707106781187,-2.355138688025E-16,-0.707106781186
    ));
#2581 = ORIENTED_EDGE('',*,*,#2582,.T.);
#2582 = EDGE_CURVE('',#2575,#2583,#2585,.T.);
#2583 = VERTEX_POINT('',#2584);
#2584 = CARTESIAN_POINT('',(4.6525,-0.2625,-9.009548279765));
#2585 = LINE('',#2586,#2587);
#2586 = CARTESIAN_POINT('',(4.6525,-0.2625,8.743006318923E-17));
#2587 = VECTOR('',#2588,1.);
#2588 = DIRECTION('',(0.,-3.330669073875E-16,-1.));
#2589 = ORIENTED_EDGE('',*,*,#2590,.T.);
#2590 = EDGE_CURVE('',#2583,#2591,#2593,.T.);
#2591 = VERTEX_POINT('',#2592);
#2592 = CARTESIAN_POINT('',(5.08,-0.2625,-9.75));
#2593 = LINE('',#2594,#2595);
#2594 = CARTESIAN_POINT('',(4.6525,-0.2625,-9.009548279765));
#2595 = VECTOR('',#2596,1.);
#2596 = DIRECTION('',(0.5,-2.884444029576E-16,-0.866025403784));
#2597 = ORIENTED_EDGE('',*,*,#2598,.T.);
#2598 = EDGE_CURVE('',#2591,#2599,#2601,.T.);
#2599 = VERTEX_POINT('',#2600);
#2600 = CARTESIAN_POINT('',(5.5075,-0.2625,-9.009548279765));
#2601 = LINE('',#2602,#2603);
#2602 = CARTESIAN_POINT('',(5.08,-0.2625,-9.75));
#2603 = VECTOR('',#2604,1.);
#2604 = DIRECTION('',(0.5,2.884444029576E-16,0.866025403784));
#2605 = ORIENTED_EDGE('',*,*,#2606,.T.);
#2606 = EDGE_CURVE('',#2599,#2607,#2609,.T.);
#2607 = VERTEX_POINT('',#2608);
#2608 = CARTESIAN_POINT('',(5.5075,-0.2625,8.743006318923E-17));
#2609 = LINE('',#2610,#2611);
#2610 = CARTESIAN_POINT('',(5.5075,-0.2625,-9.009548279765));
#2611 = VECTOR('',#2612,1.);
#2612 = DIRECTION('',(0.,3.330669073875E-16,1.));
#2613 = ORIENTED_EDGE('',*,*,#2614,.T.);
#2614 = EDGE_CURVE('',#2607,#1996,#2615,.T.);
#2615 = LINE('',#2616,#2617);
#2616 = CARTESIAN_POINT('',(5.5075,-0.2625,8.743006318923E-17));
#2617 = VECTOR('',#2618,1.);
#2618 = DIRECTION('',(0.707106781187,2.355138688025E-16,0.707106781186)
  );
#2619 = ORIENTED_EDGE('',*,*,#2003,.T.);
#2620 = ORIENTED_EDGE('',*,*,#2029,.T.);
#2621 = ORIENTED_EDGE('',*,*,#2053,.T.);
#2622 = PLANE('',#2623);
#2623 = AXIS2_PLACEMENT_3D('',#2624,#2625,#2626);
#2624 = CARTESIAN_POINT('',(4.35,-0.2625,0.3025));
#2625 = DIRECTION('',(0.,-1.,3.330669073875E-16));
#2626 = DIRECTION('',(0.,-3.330669073875E-16,-1.));
#2627 = ADVANCED_FACE('',(#2628),#2639,.F.);
#2628 = FACE_BOUND('',#2629,.F.);
#2629 = EDGE_LOOP('',(#2630,#2636,#2637,#2638));
#2630 = ORIENTED_EDGE('',*,*,#2631,.T.);
#2631 = EDGE_CURVE('',#2551,#2607,#2632,.T.);
#2632 = LINE('',#2633,#2634);
#2633 = CARTESIAN_POINT('',(5.5075,0.2625,-8.743006318923E-17));
#2634 = VECTOR('',#2635,1.);
#2635 = DIRECTION('',(0.,-1.,3.330669073875E-16));
#2636 = ORIENTED_EDGE('',*,*,#2614,.T.);
#2637 = ORIENTED_EDGE('',*,*,#1995,.F.);
#2638 = ORIENTED_EDGE('',*,*,#2558,.F.);
#2639 = PLANE('',#2640);
#2640 = AXIS2_PLACEMENT_3D('',#2641,#2642,#2643);
#2641 = CARTESIAN_POINT('',(5.5075,0.2625,-8.743006318923E-17));
#2642 = DIRECTION('',(-0.707106781186,2.355138688026E-16,0.707106781187)
  );
#2643 = DIRECTION('',(0.707106781187,2.355138688025E-16,0.707106781186)
  );
#2644 = ADVANCED_FACE('',(#2645),#2656,.F.);
#2645 = FACE_BOUND('',#2646,.F.);
#2646 = EDGE_LOOP('',(#2647,#2648,#2649,#2655));
#2647 = ORIENTED_EDGE('',*,*,#2061,.T.);
#2648 = ORIENTED_EDGE('',*,*,#2574,.T.);
#2649 = ORIENTED_EDGE('',*,*,#2650,.F.);
#2650 = EDGE_CURVE('',#2519,#2575,#2651,.T.);
#2651 = LINE('',#2652,#2653);
#2652 = CARTESIAN_POINT('',(4.6525,0.2625,-8.743006318923E-17));
#2653 = VECTOR('',#2654,1.);
#2654 = DIRECTION('',(0.,-1.,3.330669073875E-16));
#2655 = ORIENTED_EDGE('',*,*,#2518,.F.);
#2656 = PLANE('',#2657);
#2657 = AXIS2_PLACEMENT_3D('',#2658,#2659,#2660);
#2658 = CARTESIAN_POINT('',(4.35,0.2625,0.3025));
#2659 = DIRECTION('',(0.707106781186,2.355138688026E-16,0.707106781187)
  );
#2660 = DIRECTION('',(0.707106781187,-2.355138688025E-16,-0.707106781186
    ));
#2661 = ADVANCED_FACE('',(#2662),#2713,.T.);
#2662 = FACE_BOUND('',#2663,.T.);
#2663 = EDGE_LOOP('',(#2664,#2672,#2680,#2688,#2696,#2704,#2710,#2711,
    #2712));
#2664 = ORIENTED_EDGE('',*,*,#2665,.T.);
#2665 = EDGE_CURVE('',#2151,#2666,#2668,.T.);
#2666 = VERTEX_POINT('',#2667);
#2667 = CARTESIAN_POINT('',(2.1125,-0.2625,8.743006318923E-17));
#2668 = LINE('',#2669,#2670);
#2669 = CARTESIAN_POINT('',(1.81,-0.2625,0.3025));
#2670 = VECTOR('',#2671,1.);
#2671 = DIRECTION('',(0.707106781187,-2.355138688025E-16,-0.707106781186
    ));
#2672 = ORIENTED_EDGE('',*,*,#2673,.T.);
#2673 = EDGE_CURVE('',#2666,#2674,#2676,.T.);
#2674 = VERTEX_POINT('',#2675);
#2675 = CARTESIAN_POINT('',(2.1125,-0.2625,-9.009548279765));
#2676 = LINE('',#2677,#2678);
#2677 = CARTESIAN_POINT('',(2.1125,-0.2625,8.743006318923E-17));
#2678 = VECTOR('',#2679,1.);
#2679 = DIRECTION('',(0.,-3.330669073875E-16,-1.));
#2680 = ORIENTED_EDGE('',*,*,#2681,.T.);
#2681 = EDGE_CURVE('',#2674,#2682,#2684,.T.);
#2682 = VERTEX_POINT('',#2683);
#2683 = CARTESIAN_POINT('',(2.54,-0.2625,-9.75));
#2684 = LINE('',#2685,#2686);
#2685 = CARTESIAN_POINT('',(2.1125,-0.2625,-9.009548279765));
#2686 = VECTOR('',#2687,1.);
#2687 = DIRECTION('',(0.5,-2.884444029576E-16,-0.866025403784));
#2688 = ORIENTED_EDGE('',*,*,#2689,.T.);
#2689 = EDGE_CURVE('',#2682,#2690,#2692,.T.);
#2690 = VERTEX_POINT('',#2691);
#2691 = CARTESIAN_POINT('',(2.9675,-0.2625,-9.009548279765));
#2692 = LINE('',#2693,#2694);
#2693 = CARTESIAN_POINT('',(2.54,-0.2625,-9.75));
#2694 = VECTOR('',#2695,1.);
#2695 = DIRECTION('',(0.5,2.884444029576E-16,0.866025403784));
#2696 = ORIENTED_EDGE('',*,*,#2697,.T.);
#2697 = EDGE_CURVE('',#2690,#2698,#2700,.T.);
#2698 = VERTEX_POINT('',#2699);
#2699 = CARTESIAN_POINT('',(2.9675,-0.2625,8.743006318923E-17));
#2700 = LINE('',#2701,#2702);
#2701 = CARTESIAN_POINT('',(2.9675,-0.2625,-9.009548279765));
#2702 = VECTOR('',#2703,1.);
#2703 = DIRECTION('',(0.,3.330669073875E-16,1.));
#2704 = ORIENTED_EDGE('',*,*,#2705,.T.);
#2705 = EDGE_CURVE('',#2698,#2093,#2706,.T.);
#2706 = LINE('',#2707,#2708);
#2707 = CARTESIAN_POINT('',(2.9675,-0.2625,8.743006318923E-17));
#2708 = VECTOR('',#2709,1.);
#2709 = DIRECTION('',(0.707106781187,2.355138688025E-16,0.707106781186)
  );
#2710 = ORIENTED_EDGE('',*,*,#2100,.T.);
#2711 = ORIENTED_EDGE('',*,*,#2126,.T.);
#2712 = ORIENTED_EDGE('',*,*,#2150,.T.);
#2713 = PLANE('',#2714);
#2714 = AXIS2_PLACEMENT_3D('',#2715,#2716,#2717);
#2715 = CARTESIAN_POINT('',(1.81,-0.2625,0.3025));
#2716 = DIRECTION('',(0.,-1.,3.330669073875E-16));
#2717 = DIRECTION('',(0.,-3.330669073875E-16,-1.));
#2718 = ADVANCED_FACE('',(#2719),#2730,.F.);
#2719 = FACE_BOUND('',#2720,.F.);
#2720 = EDGE_LOOP('',(#2721,#2727,#2728,#2729));
#2721 = ORIENTED_EDGE('',*,*,#2722,.T.);
#2722 = EDGE_CURVE('',#2494,#2698,#2723,.T.);
#2723 = LINE('',#2724,#2725);
#2724 = CARTESIAN_POINT('',(2.9675,0.2625,-8.743006318923E-17));
#2725 = VECTOR('',#2726,1.);
#2726 = DIRECTION('',(0.,-1.,3.330669073875E-16));
#2727 = ORIENTED_EDGE('',*,*,#2705,.T.);
#2728 = ORIENTED_EDGE('',*,*,#2092,.F.);
#2729 = ORIENTED_EDGE('',*,*,#2501,.F.);
#2730 = PLANE('',#2731);
#2731 = AXIS2_PLACEMENT_3D('',#2732,#2733,#2734);
#2732 = CARTESIAN_POINT('',(2.9675,0.2625,-8.743006318923E-17));
#2733 = DIRECTION('',(-0.707106781186,2.355138688026E-16,0.707106781187)
  );
#2734 = DIRECTION('',(0.707106781187,2.355138688025E-16,0.707106781186)
  );
#2735 = ADVANCED_FACE('',(#2736),#2747,.F.);
#2736 = FACE_BOUND('',#2737,.F.);
#2737 = EDGE_LOOP('',(#2738,#2739,#2740,#2746));
#2738 = ORIENTED_EDGE('',*,*,#2158,.T.);
#2739 = ORIENTED_EDGE('',*,*,#2665,.T.);
#2740 = ORIENTED_EDGE('',*,*,#2741,.F.);
#2741 = EDGE_CURVE('',#2462,#2666,#2742,.T.);
#2742 = LINE('',#2743,#2744);
#2743 = CARTESIAN_POINT('',(2.1125,0.2625,-8.743006318923E-17));
#2744 = VECTOR('',#2745,1.);
#2745 = DIRECTION('',(0.,-1.,3.330669073875E-16));
#2746 = ORIENTED_EDGE('',*,*,#2461,.F.);
#2747 = PLANE('',#2748);
#2748 = AXIS2_PLACEMENT_3D('',#2749,#2750,#2751);
#2749 = CARTESIAN_POINT('',(1.81,0.2625,0.3025));
#2750 = DIRECTION('',(0.707106781186,2.355138688026E-16,0.707106781187)
  );
#2751 = DIRECTION('',(0.707106781187,-2.355138688025E-16,-0.707106781186
    ));
#2752 = ADVANCED_FACE('',(#2753),#2804,.T.);
#2753 = FACE_BOUND('',#2754,.T.);
#2754 = EDGE_LOOP('',(#2755,#2763,#2771,#2779,#2787,#2795,#2801,#2802,
    #2803));
#2755 = ORIENTED_EDGE('',*,*,#2756,.T.);
#2756 = EDGE_CURVE('',#2248,#2757,#2759,.T.);
#2757 = VERTEX_POINT('',#2758);
#2758 = CARTESIAN_POINT('',(-0.4275,-0.2625,8.743006318923E-17));
#2759 = LINE('',#2760,#2761);
#2760 = CARTESIAN_POINT('',(-0.73,-0.2625,0.302499999998));
#2761 = VECTOR('',#2762,1.);
#2762 = DIRECTION('',(0.707106781188,-2.355138688019E-16,-0.707106781185
    ));
#2763 = ORIENTED_EDGE('',*,*,#2764,.T.);
#2764 = EDGE_CURVE('',#2757,#2765,#2767,.T.);
#2765 = VERTEX_POINT('',#2766);
#2766 = CARTESIAN_POINT('',(-0.4275,-0.2625,-9.009548279765));
#2767 = LINE('',#2768,#2769);
#2768 = CARTESIAN_POINT('',(-0.4275,-0.2625,8.743006318923E-17));
#2769 = VECTOR('',#2770,1.);
#2770 = DIRECTION('',(-6.161368972952E-18,-3.330669073875E-16,-1.));
#2771 = ORIENTED_EDGE('',*,*,#2772,.T.);
#2772 = EDGE_CURVE('',#2765,#2773,#2775,.T.);
#2773 = VERTEX_POINT('',#2774);
#2774 = CARTESIAN_POINT('',(0.,-0.2625,-9.75));
#2775 = LINE('',#2776,#2777);
#2776 = CARTESIAN_POINT('',(-0.4275,-0.2625,-9.009548279765));
#2777 = VECTOR('',#2778,1.);
#2778 = DIRECTION('',(0.5,-2.884444029576E-16,-0.866025403784));
#2779 = ORIENTED_EDGE('',*,*,#2780,.T.);
#2780 = EDGE_CURVE('',#2773,#2781,#2783,.T.);
#2781 = VERTEX_POINT('',#2782);
#2782 = CARTESIAN_POINT('',(0.4275,-0.2625,-9.009548279765));
#2783 = LINE('',#2784,#2785);
#2784 = CARTESIAN_POINT('',(0.,-0.2625,-9.75));
#2785 = VECTOR('',#2786,1.);
#2786 = DIRECTION('',(0.5,2.884444029576E-16,0.866025403784));
#2787 = ORIENTED_EDGE('',*,*,#2788,.T.);
#2788 = EDGE_CURVE('',#2781,#2789,#2791,.T.);
#2789 = VERTEX_POINT('',#2790);
#2790 = CARTESIAN_POINT('',(0.4275,-0.2625,8.743006318923E-17));
#2791 = LINE('',#2792,#2793);
#2792 = CARTESIAN_POINT('',(0.4275,-0.2625,-9.009548279765));
#2793 = VECTOR('',#2794,1.);
#2794 = DIRECTION('',(0.,3.330669073875E-16,1.));
#2795 = ORIENTED_EDGE('',*,*,#2796,.T.);
#2796 = EDGE_CURVE('',#2789,#2190,#2797,.T.);
#2797 = LINE('',#2798,#2799);
#2798 = CARTESIAN_POINT('',(0.4275,-0.2625,8.743006318923E-17));
#2799 = VECTOR('',#2800,1.);
#2800 = DIRECTION('',(0.707106781188,2.355138688019E-16,0.707106781185)
  );
#2801 = ORIENTED_EDGE('',*,*,#2197,.T.);
#2802 = ORIENTED_EDGE('',*,*,#2223,.T.);
#2803 = ORIENTED_EDGE('',*,*,#2247,.T.);
#2804 = PLANE('',#2805);
#2805 = AXIS2_PLACEMENT_3D('',#2806,#2807,#2808);
#2806 = CARTESIAN_POINT('',(-0.73,-0.2625,0.302499999998));
#2807 = DIRECTION('',(0.,-1.,3.330669073875E-16));
#2808 = DIRECTION('',(0.,-3.330669073875E-16,-1.));
#2809 = ADVANCED_FACE('',(#2810),#2821,.F.);
#2810 = FACE_BOUND('',#2811,.F.);
#2811 = EDGE_LOOP('',(#2812,#2818,#2819,#2820));
#2812 = ORIENTED_EDGE('',*,*,#2813,.T.);
#2813 = EDGE_CURVE('',#2437,#2789,#2814,.T.);
#2814 = LINE('',#2815,#2816);
#2815 = CARTESIAN_POINT('',(0.4275,0.2625,-8.743006318923E-17));
#2816 = VECTOR('',#2817,1.);
#2817 = DIRECTION('',(0.,-1.,3.330669073875E-16));
#2818 = ORIENTED_EDGE('',*,*,#2796,.T.);
#2819 = ORIENTED_EDGE('',*,*,#2189,.F.);
#2820 = ORIENTED_EDGE('',*,*,#2444,.F.);
#2821 = PLANE('',#2822);
#2822 = AXIS2_PLACEMENT_3D('',#2823,#2824,#2825);
#2823 = CARTESIAN_POINT('',(0.4275,0.2625,-8.743006318923E-17));
#2824 = DIRECTION('',(-0.707106781185,2.355138688032E-16,0.707106781188)
  );
#2825 = DIRECTION('',(0.707106781188,2.355138688019E-16,0.707106781185)
  );
#2826 = ADVANCED_FACE('',(#2827),#2838,.F.);
#2827 = FACE_BOUND('',#2828,.F.);
#2828 = EDGE_LOOP('',(#2829,#2830,#2831,#2837));
#2829 = ORIENTED_EDGE('',*,*,#2255,.T.);
#2830 = ORIENTED_EDGE('',*,*,#2756,.T.);
#2831 = ORIENTED_EDGE('',*,*,#2832,.F.);
#2832 = EDGE_CURVE('',#2405,#2757,#2833,.T.);
#2833 = LINE('',#2834,#2835);
#2834 = CARTESIAN_POINT('',(-0.4275,0.2625,-8.743006318923E-17));
#2835 = VECTOR('',#2836,1.);
#2836 = DIRECTION('',(0.,-1.,3.330669073875E-16));
#2837 = ORIENTED_EDGE('',*,*,#2404,.F.);
#2838 = PLANE('',#2839);
#2839 = AXIS2_PLACEMENT_3D('',#2840,#2841,#2842);
#2840 = CARTESIAN_POINT('',(-0.73,0.2625,0.302499999998));
#2841 = DIRECTION('',(0.707106781185,2.355138688032E-16,0.707106781188)
  );
#2842 = DIRECTION('',(0.707106781188,-2.355138688019E-16,-0.707106781185
    ));
#2843 = ADVANCED_FACE('',(#2844,#2855),#2866,.T.);
#2844 = FACE_BOUND('',#2845,.T.);
#2845 = EDGE_LOOP('',(#2846,#2847,#2853,#2854));
#2846 = ORIENTED_EDGE('',*,*,#2295,.T.);
#2847 = ORIENTED_EDGE('',*,*,#2848,.T.);
#2848 = EDGE_CURVE('',#2288,#2362,#2849,.T.);
#2849 = LINE('',#2850,#2851);
#2850 = CARTESIAN_POINT('',(-2.575,3.16,18.775));
#2851 = VECTOR('',#2852,1.);
#2852 = DIRECTION('',(1.,0.,0.));
#2853 = ORIENTED_EDGE('',*,*,#2361,.F.);
#2854 = ORIENTED_EDGE('',*,*,#2386,.F.);
#2855 = FACE_BOUND('',#2856,.T.);
#2856 = EDGE_LOOP('',(#2857));
#2857 = ORIENTED_EDGE('',*,*,#2858,.T.);
#2858 = EDGE_CURVE('',#2859,#2859,#2861,.T.);
#2859 = VERTEX_POINT('',#2860);
#2860 = CARTESIAN_POINT('',(4.4075,3.16,16.005));
#2861 = CIRCLE('',#2862,1.8675);
#2862 = AXIS2_PLACEMENT_3D('',#2863,#2864,#2865);
#2863 = CARTESIAN_POINT('',(2.54,3.16,16.005));
#2864 = DIRECTION('',(0.,-1.,2.22044604925E-16));
#2865 = DIRECTION('',(1.,0.,0.));
#2866 = PLANE('',#2867);
#2867 = AXIS2_PLACEMENT_3D('',#2868,#2869,#2870);
#2868 = CARTESIAN_POINT('',(-2.575,3.16,5.));
#2869 = DIRECTION('',(0.,1.,0.));
#2870 = DIRECTION('',(1.,0.,0.));
#2871 = ADVANCED_FACE('',(#2872),#2878,.T.);
#2872 = FACE_BOUND('',#2873,.F.);
#2873 = EDGE_LOOP('',(#2874,#2875,#2876,#2877));
#2874 = ORIENTED_EDGE('',*,*,#2848,.T.);
#2875 = ORIENTED_EDGE('',*,*,#2369,.T.);
#2876 = ORIENTED_EDGE('',*,*,#2327,.T.);
#2877 = ORIENTED_EDGE('',*,*,#2287,.T.);
#2878 = PLANE('',#2879);
#2879 = AXIS2_PLACEMENT_3D('',#2880,#2881,#2882);
#2880 = CARTESIAN_POINT('',(-2.575,3.16,18.775));
#2881 = DIRECTION('',(0.,0.,1.));
#2882 = DIRECTION('',(1.,0.,-0.));
#2883 = ADVANCED_FACE('',(#2884),#2895,.F.);
#2884 = FACE_BOUND('',#2885,.F.);
#2885 = EDGE_LOOP('',(#2886,#2887,#2893,#2894));
#2886 = ORIENTED_EDGE('',*,*,#2336,.F.);
#2887 = ORIENTED_EDGE('',*,*,#2888,.T.);
#2888 = EDGE_CURVE('',#2337,#2859,#2889,.T.);
#2889 = LINE('',#2890,#2891);
#2890 = CARTESIAN_POINT('',(4.4075,1.89,16.005));
#2891 = VECTOR('',#2892,1.);
#2892 = DIRECTION('',(0.,1.,-2.22044604925E-16));
#2893 = ORIENTED_EDGE('',*,*,#2858,.T.);
#2894 = ORIENTED_EDGE('',*,*,#2888,.F.);
#2895 = CYLINDRICAL_SURFACE('',#2896,1.8675);
#2896 = AXIS2_PLACEMENT_3D('',#2897,#2898,#2899);
#2897 = CARTESIAN_POINT('',(2.54,1.89,16.005));
#2898 = DIRECTION('',(0.,-1.,2.22044604925E-16));
#2899 = DIRECTION('',(1.,0.,0.));
#2900 = ADVANCED_FACE('',(#2901),#2912,.F.);
#2901 = FACE_BOUND('',#2902,.F.);
#2902 = EDGE_LOOP('',(#2903,#2909,#2910,#2911));
#2903 = ORIENTED_EDGE('',*,*,#2904,.T.);
#2904 = EDGE_CURVE('',#2429,#2781,#2905,.T.);
#2905 = LINE('',#2906,#2907);
#2906 = CARTESIAN_POINT('',(0.4275,0.2625,-9.009548279765));
#2907 = VECTOR('',#2908,1.);
#2908 = DIRECTION('',(0.,-1.,3.330669073875E-16));
#2909 = ORIENTED_EDGE('',*,*,#2788,.T.);
#2910 = ORIENTED_EDGE('',*,*,#2813,.F.);
#2911 = ORIENTED_EDGE('',*,*,#2436,.F.);
#2912 = PLANE('',#2913);
#2913 = AXIS2_PLACEMENT_3D('',#2914,#2915,#2916);
#2914 = CARTESIAN_POINT('',(0.4275,0.2625,-9.009548279765));
#2915 = DIRECTION('',(-1.,0.,0.));
#2916 = DIRECTION('',(0.,3.330669073875E-16,1.));
#2917 = ADVANCED_FACE('',(#2918),#2929,.F.);
#2918 = FACE_BOUND('',#2919,.F.);
#2919 = EDGE_LOOP('',(#2920,#2926,#2927,#2928));
#2920 = ORIENTED_EDGE('',*,*,#2921,.T.);
#2921 = EDGE_CURVE('',#2421,#2773,#2922,.T.);
#2922 = LINE('',#2923,#2924);
#2923 = CARTESIAN_POINT('',(0.,0.2625,-9.75));
#2924 = VECTOR('',#2925,1.);
#2925 = DIRECTION('',(0.,-1.,3.330669073875E-16));
#2926 = ORIENTED_EDGE('',*,*,#2780,.T.);
#2927 = ORIENTED_EDGE('',*,*,#2904,.F.);
#2928 = ORIENTED_EDGE('',*,*,#2428,.F.);
#2929 = PLANE('',#2930);
#2930 = AXIS2_PLACEMENT_3D('',#2931,#2932,#2933);
#2931 = CARTESIAN_POINT('',(0.,0.2625,-9.75));
#2932 = DIRECTION('',(-0.866025403784,1.66533453694E-16,0.5));
#2933 = DIRECTION('',(0.5,2.884444029576E-16,0.866025403784));
#2934 = ADVANCED_FACE('',(#2935),#2946,.F.);
#2935 = FACE_BOUND('',#2936,.F.);
#2936 = EDGE_LOOP('',(#2937,#2943,#2944,#2945));
#2937 = ORIENTED_EDGE('',*,*,#2938,.T.);
#2938 = EDGE_CURVE('',#2413,#2765,#2939,.T.);
#2939 = LINE('',#2940,#2941);
#2940 = CARTESIAN_POINT('',(-0.4275,0.2625,-9.009548279765));
#2941 = VECTOR('',#2942,1.);
#2942 = DIRECTION('',(0.,-1.,3.330669073875E-16));
#2943 = ORIENTED_EDGE('',*,*,#2772,.T.);
#2944 = ORIENTED_EDGE('',*,*,#2921,.F.);
#2945 = ORIENTED_EDGE('',*,*,#2420,.F.);
#2946 = PLANE('',#2947);
#2947 = AXIS2_PLACEMENT_3D('',#2948,#2949,#2950);
#2948 = CARTESIAN_POINT('',(-0.4275,0.2625,-9.009548279765));
#2949 = DIRECTION('',(0.866025403784,1.66533453694E-16,0.5));
#2950 = DIRECTION('',(0.5,-2.884444029576E-16,-0.866025403784));
#2951 = ADVANCED_FACE('',(#2952),#2958,.F.);
#2952 = FACE_BOUND('',#2953,.F.);
#2953 = EDGE_LOOP('',(#2954,#2955,#2956,#2957));
#2954 = ORIENTED_EDGE('',*,*,#2832,.T.);
#2955 = ORIENTED_EDGE('',*,*,#2764,.T.);
#2956 = ORIENTED_EDGE('',*,*,#2938,.F.);
#2957 = ORIENTED_EDGE('',*,*,#2412,.F.);
#2958 = PLANE('',#2959);
#2959 = AXIS2_PLACEMENT_3D('',#2960,#2961,#2962);
#2960 = CARTESIAN_POINT('',(-0.4275,0.2625,-8.743006318923E-17));
#2961 = DIRECTION('',(1.,-2.052148109095E-33,-6.161368972952E-18));
#2962 = DIRECTION('',(-6.161368972952E-18,-3.330669073875E-16,-1.));
#2963 = ADVANCED_FACE('',(#2964),#2975,.F.);
#2964 = FACE_BOUND('',#2965,.F.);
#2965 = EDGE_LOOP('',(#2966,#2972,#2973,#2974));
#2966 = ORIENTED_EDGE('',*,*,#2967,.T.);
#2967 = EDGE_CURVE('',#2486,#2690,#2968,.T.);
#2968 = LINE('',#2969,#2970);
#2969 = CARTESIAN_POINT('',(2.9675,0.2625,-9.009548279765));
#2970 = VECTOR('',#2971,1.);
#2971 = DIRECTION('',(0.,-1.,3.330669073875E-16));
#2972 = ORIENTED_EDGE('',*,*,#2697,.T.);
#2973 = ORIENTED_EDGE('',*,*,#2722,.F.);
#2974 = ORIENTED_EDGE('',*,*,#2493,.F.);
#2975 = PLANE('',#2976);
#2976 = AXIS2_PLACEMENT_3D('',#2977,#2978,#2979);
#2977 = CARTESIAN_POINT('',(2.9675,0.2625,-9.009548279765));
#2978 = DIRECTION('',(-1.,0.,0.));
#2979 = DIRECTION('',(0.,3.330669073875E-16,1.));
#2980 = ADVANCED_FACE('',(#2981),#2992,.F.);
#2981 = FACE_BOUND('',#2982,.F.);
#2982 = EDGE_LOOP('',(#2983,#2989,#2990,#2991));
#2983 = ORIENTED_EDGE('',*,*,#2984,.T.);
#2984 = EDGE_CURVE('',#2478,#2682,#2985,.T.);
#2985 = LINE('',#2986,#2987);
#2986 = CARTESIAN_POINT('',(2.54,0.2625,-9.75));
#2987 = VECTOR('',#2988,1.);
#2988 = DIRECTION('',(0.,-1.,3.330669073875E-16));
#2989 = ORIENTED_EDGE('',*,*,#2689,.T.);
#2990 = ORIENTED_EDGE('',*,*,#2967,.F.);
#2991 = ORIENTED_EDGE('',*,*,#2485,.F.);
#2992 = PLANE('',#2993);
#2993 = AXIS2_PLACEMENT_3D('',#2994,#2995,#2996);
#2994 = CARTESIAN_POINT('',(2.54,0.2625,-9.75));
#2995 = DIRECTION('',(-0.866025403784,1.66533453694E-16,0.5));
#2996 = DIRECTION('',(0.5,2.884444029576E-16,0.866025403784));
#2997 = ADVANCED_FACE('',(#2998),#3009,.F.);
#2998 = FACE_BOUND('',#2999,.F.);
#2999 = EDGE_LOOP('',(#3000,#3006,#3007,#3008));
#3000 = ORIENTED_EDGE('',*,*,#3001,.T.);
#3001 = EDGE_CURVE('',#2470,#2674,#3002,.T.);
#3002 = LINE('',#3003,#3004);
#3003 = CARTESIAN_POINT('',(2.1125,0.2625,-9.009548279765));
#3004 = VECTOR('',#3005,1.);
#3005 = DIRECTION('',(0.,-1.,3.330669073875E-16));
#3006 = ORIENTED_EDGE('',*,*,#2681,.T.);
#3007 = ORIENTED_EDGE('',*,*,#2984,.F.);
#3008 = ORIENTED_EDGE('',*,*,#2477,.F.);
#3009 = PLANE('',#3010);
#3010 = AXIS2_PLACEMENT_3D('',#3011,#3012,#3013);
#3011 = CARTESIAN_POINT('',(2.1125,0.2625,-9.009548279765));
#3012 = DIRECTION('',(0.866025403784,1.66533453694E-16,0.5));
#3013 = DIRECTION('',(0.5,-2.884444029576E-16,-0.866025403784));
#3014 = ADVANCED_FACE('',(#3015),#3021,.F.);
#3015 = FACE_BOUND('',#3016,.F.);
#3016 = EDGE_LOOP('',(#3017,#3018,#3019,#3020));
#3017 = ORIENTED_EDGE('',*,*,#2741,.T.);
#3018 = ORIENTED_EDGE('',*,*,#2673,.T.);
#3019 = ORIENTED_EDGE('',*,*,#3001,.F.);
#3020 = ORIENTED_EDGE('',*,*,#2469,.F.);
#3021 = PLANE('',#3022);
#3022 = AXIS2_PLACEMENT_3D('',#3023,#3024,#3025);
#3023 = CARTESIAN_POINT('',(2.1125,0.2625,-8.743006318923E-17));
#3024 = DIRECTION('',(1.,0.,0.));
#3025 = DIRECTION('',(0.,-3.330669073875E-16,-1.));
#3026 = ADVANCED_FACE('',(#3027),#3038,.F.);
#3027 = FACE_BOUND('',#3028,.F.);
#3028 = EDGE_LOOP('',(#3029,#3035,#3036,#3037));
#3029 = ORIENTED_EDGE('',*,*,#3030,.T.);
#3030 = EDGE_CURVE('',#2543,#2599,#3031,.T.);
#3031 = LINE('',#3032,#3033);
#3032 = CARTESIAN_POINT('',(5.5075,0.2625,-9.009548279765));
#3033 = VECTOR('',#3034,1.);
#3034 = DIRECTION('',(0.,-1.,3.330669073875E-16));
#3035 = ORIENTED_EDGE('',*,*,#2606,.T.);
#3036 = ORIENTED_EDGE('',*,*,#2631,.F.);
#3037 = ORIENTED_EDGE('',*,*,#2550,.F.);
#3038 = PLANE('',#3039);
#3039 = AXIS2_PLACEMENT_3D('',#3040,#3041,#3042);
#3040 = CARTESIAN_POINT('',(5.5075,0.2625,-9.009548279765));
#3041 = DIRECTION('',(-1.,0.,0.));
#3042 = DIRECTION('',(0.,3.330669073875E-16,1.));
#3043 = ADVANCED_FACE('',(#3044),#3055,.F.);
#3044 = FACE_BOUND('',#3045,.F.);
#3045 = EDGE_LOOP('',(#3046,#3052,#3053,#3054));
#3046 = ORIENTED_EDGE('',*,*,#3047,.T.);
#3047 = EDGE_CURVE('',#2535,#2591,#3048,.T.);
#3048 = LINE('',#3049,#3050);
#3049 = CARTESIAN_POINT('',(5.08,0.2625,-9.75));
#3050 = VECTOR('',#3051,1.);
#3051 = DIRECTION('',(0.,-1.,3.330669073875E-16));
#3052 = ORIENTED_EDGE('',*,*,#2598,.T.);
#3053 = ORIENTED_EDGE('',*,*,#3030,.F.);
#3054 = ORIENTED_EDGE('',*,*,#2542,.F.);
#3055 = PLANE('',#3056);
#3056 = AXIS2_PLACEMENT_3D('',#3057,#3058,#3059);
#3057 = CARTESIAN_POINT('',(5.08,0.2625,-9.75));
#3058 = DIRECTION('',(-0.866025403784,1.66533453694E-16,0.5));
#3059 = DIRECTION('',(0.5,2.884444029576E-16,0.866025403784));
#3060 = ADVANCED_FACE('',(#3061),#3072,.F.);
#3061 = FACE_BOUND('',#3062,.F.);
#3062 = EDGE_LOOP('',(#3063,#3069,#3070,#3071));
#3063 = ORIENTED_EDGE('',*,*,#3064,.T.);
#3064 = EDGE_CURVE('',#2527,#2583,#3065,.T.);
#3065 = LINE('',#3066,#3067);
#3066 = CARTESIAN_POINT('',(4.6525,0.2625,-9.009548279765));
#3067 = VECTOR('',#3068,1.);
#3068 = DIRECTION('',(0.,-1.,3.330669073875E-16));
#3069 = ORIENTED_EDGE('',*,*,#2590,.T.);
#3070 = ORIENTED_EDGE('',*,*,#3047,.F.);
#3071 = ORIENTED_EDGE('',*,*,#2534,.F.);
#3072 = PLANE('',#3073);
#3073 = AXIS2_PLACEMENT_3D('',#3074,#3075,#3076);
#3074 = CARTESIAN_POINT('',(4.6525,0.2625,-9.009548279765));
#3075 = DIRECTION('',(0.866025403784,1.66533453694E-16,0.5));
#3076 = DIRECTION('',(0.5,-2.884444029576E-16,-0.866025403784));
#3077 = ADVANCED_FACE('',(#3078),#3084,.F.);
#3078 = FACE_BOUND('',#3079,.F.);
#3079 = EDGE_LOOP('',(#3080,#3081,#3082,#3083));
#3080 = ORIENTED_EDGE('',*,*,#2650,.T.);
#3081 = ORIENTED_EDGE('',*,*,#2582,.T.);
#3082 = ORIENTED_EDGE('',*,*,#3064,.F.);
#3083 = ORIENTED_EDGE('',*,*,#2526,.F.);
#3084 = PLANE('',#3085);
#3085 = AXIS2_PLACEMENT_3D('',#3086,#3087,#3088);
#3086 = CARTESIAN_POINT('',(4.6525,0.2625,-8.743006318923E-17));
#3087 = DIRECTION('',(1.,0.,0.));
#3088 = DIRECTION('',(0.,-3.330669073875E-16,-1.));
#3089 = ( GEOMETRIC_REPRESENTATION_CONTEXT(3) 
GLOBAL_UNCERTAINTY_ASSIGNED_CONTEXT((#3093)) 
GLOBAL_UNIT_ASSIGNED_CONTEXT((#3090,#3091,#3092)) REPRESENTATION_CONTEXT
('Context #1','3D Context with UNIT and UNCERTAINTY') );
#3090 = ( LENGTH_UNIT() NAMED_UNIT(*) SI_UNIT(.MILLI.,.METRE.) );
#3091 = ( NAMED_UNIT(*) PLANE_ANGLE_UNIT() SI_UNIT($,.RADIAN.) );
#3092 = ( NAMED_UNIT(*) SI_UNIT($,.STERADIAN.) SOLID_ANGLE_UNIT() );
#3093 = UNCERTAINTY_MEASURE_WITH_UNIT(LENGTH_MEASURE(1.E-07),#3090,
  'distance_accuracy_value','confusion accuracy');
#3094 = CONTEXT_DEPENDENT_SHAPE_REPRESENTATION(#3095,#3097);
#3095 = ( REPRESENTATION_RELATIONSHIP('','',#1546,#1523) 
REPRESENTATION_RELATIONSHIP_WITH_TRANSFORMATION(#3096) 
SHAPE_REPRESENTATION_RELATIONSHIP() );
#3096 = ITEM_DEFINED_TRANSFORMATION('','',#11,#1524);
#3097 = PRODUCT_DEFINITION_SHAPE('Placement','Placement of an item',
  #3098);
#3098 = NEXT_ASSEMBLY_USAGE_OCCURRENCE('4','=>[0:1:1:5]','',#1518,#1541,
  $);
#3099 = PRODUCT_RELATED_PRODUCT_CATEGORY('part',$,(#1543));
#3100 = SHAPE_DEFINITION_REPRESENTATION(#3101,#3107);
#3101 = PRODUCT_DEFINITION_SHAPE('','',#3102);
#3102 = PRODUCT_DEFINITION('design','',#3103,#3106);
#3103 = PRODUCT_DEFINITION_FORMATION('','',#3104);
#3104 = PRODUCT('PowerDelivery_PCB','PowerDelivery_PCB','',(#3105));
#3105 = PRODUCT_CONTEXT('',#2,'mechanical');
#3106 = PRODUCT_DEFINITION_CONTEXT('part definition',#2,'design');
#3107 = ADVANCED_BREP_SHAPE_REPRESENTATION('',(#11,#3108),#3926);
#3108 = MANIFOLD_SOLID_BREP('',#3109);
#3109 = CLOSED_SHELL('',(#3110,#3152,#3183,#3214,#3411,#3608,#3625,#3642
    ,#3659,#3676,#3693,#3710,#3727,#3739,#3756,#3773,#3790,#3807,#3824,
    #3841,#3858,#3875,#3892,#3909));
#3110 = ADVANCED_FACE('',(#3111),#3147,.T.);
#3111 = FACE_BOUND('',#3112,.T.);
#3112 = EDGE_LOOP('',(#3113,#3123,#3132,#3140));
#3113 = ORIENTED_EDGE('',*,*,#3114,.T.);
#3114 = EDGE_CURVE('',#3115,#3117,#3119,.T.);
#3115 = VERTEX_POINT('',#3116);
#3116 = CARTESIAN_POINT('',(90.6752,-83.7692,0.));
#3117 = VERTEX_POINT('',#3118);
#3118 = CARTESIAN_POINT('',(90.6752,-83.7692,1.6));
#3119 = LINE('',#3120,#3121);
#3120 = CARTESIAN_POINT('',(90.6752,-83.7692,0.));
#3121 = VECTOR('',#3122,1.);
#3122 = DIRECTION('',(0.,0.,1.));
#3123 = ORIENTED_EDGE('',*,*,#3124,.T.);
#3124 = EDGE_CURVE('',#3117,#3125,#3127,.T.);
#3125 = VERTEX_POINT('',#3126);
#3126 = CARTESIAN_POINT('',(93.67284,-86.600856,1.6));
#3127 = CIRCLE('',#3128,2.998046463735);
#3128 = AXIS2_PLACEMENT_3D('',#3129,#3130,#3131);
#3129 = CARTESIAN_POINT('',(90.679414237108,-86.76724350183,1.6));
#3130 = DIRECTION('',(0.,0.,-1.));
#3131 = DIRECTION('',(-1.405661039221E-03,0.999999012058,0.));
#3132 = ORIENTED_EDGE('',*,*,#3133,.F.);
#3133 = EDGE_CURVE('',#3134,#3125,#3136,.T.);
#3134 = VERTEX_POINT('',#3135);
#3135 = CARTESIAN_POINT('',(93.67284,-86.600856,0.));
#3136 = LINE('',#3137,#3138);
#3137 = CARTESIAN_POINT('',(93.67284,-86.600856,0.));
#3138 = VECTOR('',#3139,1.);
#3139 = DIRECTION('',(0.,0.,1.));
#3140 = ORIENTED_EDGE('',*,*,#3141,.F.);
#3141 = EDGE_CURVE('',#3115,#3134,#3142,.T.);
#3142 = CIRCLE('',#3143,2.998046463735);
#3143 = AXIS2_PLACEMENT_3D('',#3144,#3145,#3146);
#3144 = CARTESIAN_POINT('',(90.679414237108,-86.76724350183,0.));
#3145 = DIRECTION('',(0.,0.,-1.));
#3146 = DIRECTION('',(-1.405661039221E-03,0.999999012058,0.));
#3147 = CYLINDRICAL_SURFACE('',#3148,2.998046463735);
#3148 = AXIS2_PLACEMENT_3D('',#3149,#3150,#3151);
#3149 = CARTESIAN_POINT('',(90.679414237108,-86.76724350183,0.));
#3150 = DIRECTION('',(0.,0.,-1.));
#3151 = DIRECTION('',(-1.405661039221E-03,0.999999012058,0.));
#3152 = ADVANCED_FACE('',(#3153),#3178,.T.);
#3153 = FACE_BOUND('',#3154,.T.);
#3154 = EDGE_LOOP('',(#3155,#3165,#3171,#3172));
#3155 = ORIENTED_EDGE('',*,*,#3156,.T.);
#3156 = EDGE_CURVE('',#3157,#3159,#3161,.T.);
#3157 = VERTEX_POINT('',#3158);
#3158 = CARTESIAN_POINT('',(65.3316,-83.7692,0.));
#3159 = VERTEX_POINT('',#3160);
#3160 = CARTESIAN_POINT('',(65.3316,-83.7692,1.6));
#3161 = LINE('',#3162,#3163);
#3162 = CARTESIAN_POINT('',(65.3316,-83.7692,0.));
#3163 = VECTOR('',#3164,1.);
#3164 = DIRECTION('',(0.,0.,1.));
#3165 = ORIENTED_EDGE('',*,*,#3166,.T.);
#3166 = EDGE_CURVE('',#3159,#3117,#3167,.T.);
#3167 = LINE('',#3168,#3169);
#3168 = CARTESIAN_POINT('',(65.3316,-83.7692,1.6));
#3169 = VECTOR('',#3170,1.);
#3170 = DIRECTION('',(1.,0.,0.));
#3171 = ORIENTED_EDGE('',*,*,#3114,.F.);
#3172 = ORIENTED_EDGE('',*,*,#3173,.F.);
#3173 = EDGE_CURVE('',#3157,#3115,#3174,.T.);
#3174 = LINE('',#3175,#3176);
#3175 = CARTESIAN_POINT('',(65.3316,-83.7692,0.));
#3176 = VECTOR('',#3177,1.);
#3177 = DIRECTION('',(1.,0.,0.));
#3178 = PLANE('',#3179);
#3179 = AXIS2_PLACEMENT_3D('',#3180,#3181,#3182);
#3180 = CARTESIAN_POINT('',(65.3316,-83.7692,0.));
#3181 = DIRECTION('',(0.,1.,0.));
#3182 = DIRECTION('',(1.,0.,0.));
#3183 = ADVANCED_FACE('',(#3184),#3209,.T.);
#3184 = FACE_BOUND('',#3185,.T.);
#3185 = EDGE_LOOP('',(#3186,#3187,#3195,#3203));
#3186 = ORIENTED_EDGE('',*,*,#3133,.T.);
#3187 = ORIENTED_EDGE('',*,*,#3188,.T.);
#3188 = EDGE_CURVE('',#3125,#3189,#3191,.T.);
#3189 = VERTEX_POINT('',#3190);
#3190 = CARTESIAN_POINT('',(93.6752,-86.7692,1.6));
#3191 = LINE('',#3192,#3193);
#3192 = CARTESIAN_POINT('',(93.67284,-86.600856,1.6));
#3193 = VECTOR('',#3194,1.);
#3194 = DIRECTION('',(1.401753628794E-02,-0.999901749512,0.));
#3195 = ORIENTED_EDGE('',*,*,#3196,.F.);
#3196 = EDGE_CURVE('',#3197,#3189,#3199,.T.);
#3197 = VERTEX_POINT('',#3198);
#3198 = CARTESIAN_POINT('',(93.6752,-86.7692,0.));
#3199 = LINE('',#3200,#3201);
#3200 = CARTESIAN_POINT('',(93.6752,-86.7692,0.));
#3201 = VECTOR('',#3202,1.);
#3202 = DIRECTION('',(0.,0.,1.));
#3203 = ORIENTED_EDGE('',*,*,#3204,.F.);
#3204 = EDGE_CURVE('',#3134,#3197,#3205,.T.);
#3205 = LINE('',#3206,#3207);
#3206 = CARTESIAN_POINT('',(93.67284,-86.600856,0.));
#3207 = VECTOR('',#3208,1.);
#3208 = DIRECTION('',(1.401753628794E-02,-0.999901749512,0.));
#3209 = PLANE('',#3210);
#3210 = AXIS2_PLACEMENT_3D('',#3211,#3212,#3213);
#3211 = CARTESIAN_POINT('',(93.67284,-86.600856,0.));
#3212 = DIRECTION('',(0.999901749512,1.401753628794E-02,-0.));
#3213 = DIRECTION('',(1.401753628794E-02,-0.999901749512,0.));
#3214 = ADVANCED_FACE('',(#3215,#3285,#3296,#3307,#3318,#3329,#3340,
    #3351,#3362,#3373,#3384,#3395),#3406,.F.);
#3215 = FACE_BOUND('',#3216,.F.);
#3216 = EDGE_LOOP('',(#3217,#3218,#3219,#3227,#3236,#3244,#3253,#3261,
    #3269,#3278,#3284));
#3217 = ORIENTED_EDGE('',*,*,#3141,.F.);
#3218 = ORIENTED_EDGE('',*,*,#3173,.F.);
#3219 = ORIENTED_EDGE('',*,*,#3220,.F.);
#3220 = EDGE_CURVE('',#3221,#3157,#3223,.T.);
#3221 = VERTEX_POINT('',#3222);
#3222 = CARTESIAN_POINT('',(65.163256,-83.77156,0.));
#3223 = LINE('',#3224,#3225);
#3224 = CARTESIAN_POINT('',(65.163256,-83.77156,0.));
#3225 = VECTOR('',#3226,1.);
#3226 = DIRECTION('',(0.999901749512,1.401753628786E-02,0.));
#3227 = ORIENTED_EDGE('',*,*,#3228,.F.);
#3228 = EDGE_CURVE('',#3229,#3221,#3231,.T.);
#3229 = VERTEX_POINT('',#3230);
#3230 = CARTESIAN_POINT('',(62.3316,-86.7692,0.));
#3231 = CIRCLE('',#3232,2.998046463735);
#3232 = AXIS2_PLACEMENT_3D('',#3233,#3234,#3235);
#3233 = CARTESIAN_POINT('',(65.329643501839,-86.76498576289,0.));
#3234 = DIRECTION('',(0.,0.,-1.));
#3235 = DIRECTION('',(-0.999999012058,-1.405661039221E-03,-0.));
#3236 = ORIENTED_EDGE('',*,*,#3237,.F.);
#3237 = EDGE_CURVE('',#3238,#3229,#3240,.T.);
#3238 = VERTEX_POINT('',#3239);
#3239 = CARTESIAN_POINT('',(62.3316,-105.1532,0.));
#3240 = LINE('',#3241,#3242);
#3241 = CARTESIAN_POINT('',(62.3316,-105.1532,0.));
#3242 = VECTOR('',#3243,1.);
#3243 = DIRECTION('',(0.,1.,0.));
#3244 = ORIENTED_EDGE('',*,*,#3245,.F.);
#3245 = EDGE_CURVE('',#3246,#3238,#3248,.T.);
#3246 = VERTEX_POINT('',#3247);
#3247 = CARTESIAN_POINT('',(65.3316,-108.1532,0.));
#3248 = CIRCLE('',#3249,3.000001172987);
#3249 = AXIS2_PLACEMENT_3D('',#3250,#3251,#3252);
#3250 = CARTESIAN_POINT('',(65.331601172987,-105.153198827,0.));
#3251 = DIRECTION('',(0.,0.,-1.));
#3252 = DIRECTION('',(-3.909953663434E-07,-1.,-0.));
#3253 = ORIENTED_EDGE('',*,*,#3254,.F.);
#3254 = EDGE_CURVE('',#3255,#3246,#3257,.T.);
#3255 = VERTEX_POINT('',#3256);
#3256 = CARTESIAN_POINT('',(90.6752,-108.1532,0.));
#3257 = LINE('',#3258,#3259);
#3258 = CARTESIAN_POINT('',(90.6752,-108.1532,0.));
#3259 = VECTOR('',#3260,1.);
#3260 = DIRECTION('',(-1.,0.,0.));
#3261 = ORIENTED_EDGE('',*,*,#3262,.F.);
#3262 = EDGE_CURVE('',#3263,#3255,#3265,.T.);
#3263 = VERTEX_POINT('',#3264);
#3264 = CARTESIAN_POINT('',(90.843544,-108.15084,0.));
#3265 = LINE('',#3266,#3267);
#3266 = CARTESIAN_POINT('',(90.843544,-108.15084,0.));
#3267 = VECTOR('',#3268,1.);
#3268 = DIRECTION('',(-0.999901749512,-1.401753628786E-02,0.));
#3269 = ORIENTED_EDGE('',*,*,#3270,.F.);
#3270 = EDGE_CURVE('',#3271,#3263,#3273,.T.);
#3271 = VERTEX_POINT('',#3272);
#3272 = CARTESIAN_POINT('',(93.6752,-105.1532,0.));
#3273 = CIRCLE('',#3274,2.998046463735);
#3274 = AXIS2_PLACEMENT_3D('',#3275,#3276,#3277);
#3275 = CARTESIAN_POINT('',(90.677156498161,-105.1574142371,0.));
#3276 = DIRECTION('',(0.,0.,-1.));
#3277 = DIRECTION('',(0.999999012058,1.405661039216E-03,0.));
#3278 = ORIENTED_EDGE('',*,*,#3279,.F.);
#3279 = EDGE_CURVE('',#3197,#3271,#3280,.T.);
#3280 = LINE('',#3281,#3282);
#3281 = CARTESIAN_POINT('',(93.6752,-86.7692,0.));
#3282 = VECTOR('',#3283,1.);
#3283 = DIRECTION('',(0.,-1.,0.));
#3284 = ORIENTED_EDGE('',*,*,#3204,.F.);
#3285 = FACE_BOUND('',#3286,.F.);
#3286 = EDGE_LOOP('',(#3287));
#3287 = ORIENTED_EDGE('',*,*,#3288,.T.);
#3288 = EDGE_CURVE('',#3289,#3289,#3291,.T.);
#3289 = VERTEX_POINT('',#3290);
#3290 = CARTESIAN_POINT('',(77.368401,-103.674,0.));
#3291 = CIRCLE('',#3292,0.55);
#3292 = AXIS2_PLACEMENT_3D('',#3293,#3294,#3295);
#3293 = CARTESIAN_POINT('',(77.368401,-103.124,0.));
#3294 = DIRECTION('',(-0.,0.,-1.));
#3295 = DIRECTION('',(-0.,-1.,0.));
#3296 = FACE_BOUND('',#3297,.F.);
#3297 = EDGE_LOOP('',(#3298));
#3298 = ORIENTED_EDGE('',*,*,#3299,.T.);
#3299 = EDGE_CURVE('',#3300,#3300,#3302,.T.);
#3300 = VERTEX_POINT('',#3301);
#3301 = CARTESIAN_POINT('',(69.4972,-99.3276,0.));
#3302 = CIRCLE('',#3303,0.8);
#3303 = AXIS2_PLACEMENT_3D('',#3304,#3305,#3306);
#3304 = CARTESIAN_POINT('',(69.4972,-98.5276,0.));
#3305 = DIRECTION('',(-0.,0.,-1.));
#3306 = DIRECTION('',(1.7763568394E-14,-1.,-0.));
#3307 = FACE_BOUND('',#3308,.F.);
#3308 = EDGE_LOOP('',(#3309));
#3309 = ORIENTED_EDGE('',*,*,#3310,.T.);
#3310 = EDGE_CURVE('',#3311,#3311,#3313,.T.);
#3311 = VERTEX_POINT('',#3312);
#3312 = CARTESIAN_POINT('',(79.9084,-103.674,0.));
#3313 = CIRCLE('',#3314,0.55);
#3314 = AXIS2_PLACEMENT_3D('',#3315,#3316,#3317);
#3315 = CARTESIAN_POINT('',(79.9084,-103.124,0.));
#3316 = DIRECTION('',(-0.,0.,-1.));
#3317 = DIRECTION('',(-0.,-1.,0.));
#3318 = FACE_BOUND('',#3319,.F.);
#3319 = EDGE_LOOP('',(#3320));
#3320 = ORIENTED_EDGE('',*,*,#3321,.T.);
#3321 = EDGE_CURVE('',#3322,#3322,#3324,.T.);
#3322 = VERTEX_POINT('',#3323);
#3323 = CARTESIAN_POINT('',(82.4484,-103.674,0.));
#3324 = CIRCLE('',#3325,0.55);
#3325 = AXIS2_PLACEMENT_3D('',#3326,#3327,#3328);
#3326 = CARTESIAN_POINT('',(82.4484,-103.124,0.));
#3327 = DIRECTION('',(-0.,0.,-1.));
#3328 = DIRECTION('',(2.5837917664E-14,-1.,-0.));
#3329 = FACE_BOUND('',#3330,.F.);
#3330 = EDGE_LOOP('',(#3331));
#3331 = ORIENTED_EDGE('',*,*,#3332,.T.);
#3332 = EDGE_CURVE('',#3333,#3333,#3335,.T.);
#3333 = VERTEX_POINT('',#3334);
#3334 = CARTESIAN_POINT('',(90.9828,-97.8836,0.));
#3335 = CIRCLE('',#3336,0.5);
#3336 = AXIS2_PLACEMENT_3D('',#3337,#3338,#3339);
#3337 = CARTESIAN_POINT('',(90.9828,-97.3836,0.));
#3338 = DIRECTION('',(-0.,0.,-1.));
#3339 = DIRECTION('',(-0.,-1.,0.));
#3340 = FACE_BOUND('',#3341,.F.);
#3341 = EDGE_LOOP('',(#3342));
#3342 = ORIENTED_EDGE('',*,*,#3343,.T.);
#3343 = EDGE_CURVE('',#3344,#3344,#3346,.T.);
#3344 = VERTEX_POINT('',#3345);
#3345 = CARTESIAN_POINT('',(66.4972,-94.6276,0.));
#3346 = CIRCLE('',#3347,0.8);
#3347 = AXIS2_PLACEMENT_3D('',#3348,#3349,#3350);
#3348 = CARTESIAN_POINT('',(66.4972,-93.8276,0.));
#3349 = DIRECTION('',(-0.,0.,-1.));
#3350 = DIRECTION('',(1.7763568394E-14,-1.,-0.));
#3351 = FACE_BOUND('',#3352,.F.);
#3352 = EDGE_LOOP('',(#3353));
#3353 = ORIENTED_EDGE('',*,*,#3354,.T.);
#3354 = EDGE_CURVE('',#3355,#3355,#3357,.T.);
#3355 = VERTEX_POINT('',#3356);
#3356 = CARTESIAN_POINT('',(72.4972,-94.6276,0.));
#3357 = CIRCLE('',#3358,0.8);
#3358 = AXIS2_PLACEMENT_3D('',#3359,#3360,#3361);
#3359 = CARTESIAN_POINT('',(72.4972,-93.8276,0.));
#3360 = DIRECTION('',(-0.,0.,-1.));
#3361 = DIRECTION('',(1.7763568394E-14,-1.,-0.));
#3362 = FACE_BOUND('',#3363,.F.);
#3363 = EDGE_LOOP('',(#3364));
#3364 = ORIENTED_EDGE('',*,*,#3365,.T.);
#3365 = EDGE_CURVE('',#3366,#3366,#3368,.T.);
#3366 = VERTEX_POINT('',#3367);
#3367 = CARTESIAN_POINT('',(80.3656,-95.4276,0.));
#3368 = CIRCLE('',#3369,1.6);
#3369 = AXIS2_PLACEMENT_3D('',#3370,#3371,#3372);
#3370 = CARTESIAN_POINT('',(80.3656,-93.8276,0.));
#3371 = DIRECTION('',(-0.,0.,-1.));
#3372 = DIRECTION('',(-0.,-1.,0.));
#3373 = FACE_BOUND('',#3374,.F.);
#3374 = EDGE_LOOP('',(#3375));
#3375 = ORIENTED_EDGE('',*,*,#3376,.T.);
#3376 = EDGE_CURVE('',#3377,#3377,#3379,.T.);
#3377 = VERTEX_POINT('',#3378);
#3378 = CARTESIAN_POINT('',(90.9828,-95.3436,0.));
#3379 = CIRCLE('',#3380,0.5);
#3380 = AXIS2_PLACEMENT_3D('',#3381,#3382,#3383);
#3381 = CARTESIAN_POINT('',(90.9828,-94.8436,0.));
#3382 = DIRECTION('',(-0.,0.,-1.));
#3383 = DIRECTION('',(-0.,-1.,0.));
#3384 = FACE_BOUND('',#3385,.F.);
#3385 = EDGE_LOOP('',(#3386));
#3386 = ORIENTED_EDGE('',*,*,#3387,.T.);
#3387 = EDGE_CURVE('',#3388,#3388,#3390,.T.);
#3388 = VERTEX_POINT('',#3389);
#3389 = CARTESIAN_POINT('',(90.9828,-89.8572,0.));
#3390 = CIRCLE('',#3391,0.5);
#3391 = AXIS2_PLACEMENT_3D('',#3392,#3393,#3394);
#3392 = CARTESIAN_POINT('',(90.9828,-89.3572,0.));
#3393 = DIRECTION('',(-0.,0.,-1.));
#3394 = DIRECTION('',(-0.,-1.,0.));
#3395 = FACE_BOUND('',#3396,.F.);
#3396 = EDGE_LOOP('',(#3397));
#3397 = ORIENTED_EDGE('',*,*,#3398,.T.);
#3398 = EDGE_CURVE('',#3399,#3399,#3401,.T.);
#3399 = VERTEX_POINT('',#3400);
#3400 = CARTESIAN_POINT('',(90.9828,-87.3172,0.));
#3401 = CIRCLE('',#3402,0.5);
#3402 = AXIS2_PLACEMENT_3D('',#3403,#3404,#3405);
#3403 = CARTESIAN_POINT('',(90.9828,-86.8172,0.));
#3404 = DIRECTION('',(-0.,0.,-1.));
#3405 = DIRECTION('',(-0.,-1.,0.));
#3406 = PLANE('',#3407);
#3407 = AXIS2_PLACEMENT_3D('',#3408,#3409,#3410);
#3408 = CARTESIAN_POINT('',(0.,0.,0.));
#3409 = DIRECTION('',(0.,0.,1.));
#3410 = DIRECTION('',(1.,0.,-0.));
#3411 = ADVANCED_FACE('',(#3412,#3482,#3493,#3504,#3515,#3526,#3537,
    #3548,#3559,#3570,#3581,#3592),#3603,.T.);
#3412 = FACE_BOUND('',#3413,.T.);
#3413 = EDGE_LOOP('',(#3414,#3415,#3416,#3424,#3433,#3441,#3450,#3458,
    #3466,#3475,#3481));
#3414 = ORIENTED_EDGE('',*,*,#3124,.F.);
#3415 = ORIENTED_EDGE('',*,*,#3166,.F.);
#3416 = ORIENTED_EDGE('',*,*,#3417,.F.);
#3417 = EDGE_CURVE('',#3418,#3159,#3420,.T.);
#3418 = VERTEX_POINT('',#3419);
#3419 = CARTESIAN_POINT('',(65.163256,-83.77156,1.6));
#3420 = LINE('',#3421,#3422);
#3421 = CARTESIAN_POINT('',(65.163256,-83.77156,1.6));
#3422 = VECTOR('',#3423,1.);
#3423 = DIRECTION('',(0.999901749512,1.401753628786E-02,0.));
#3424 = ORIENTED_EDGE('',*,*,#3425,.F.);
#3425 = EDGE_CURVE('',#3426,#3418,#3428,.T.);
#3426 = VERTEX_POINT('',#3427);
#3427 = CARTESIAN_POINT('',(62.3316,-86.7692,1.6));
#3428 = CIRCLE('',#3429,2.998046463735);
#3429 = AXIS2_PLACEMENT_3D('',#3430,#3431,#3432);
#3430 = CARTESIAN_POINT('',(65.329643501839,-86.76498576289,1.6));
#3431 = DIRECTION('',(0.,0.,-1.));
#3432 = DIRECTION('',(-0.999999012058,-1.405661039221E-03,-0.));
#3433 = ORIENTED_EDGE('',*,*,#3434,.F.);
#3434 = EDGE_CURVE('',#3435,#3426,#3437,.T.);
#3435 = VERTEX_POINT('',#3436);
#3436 = CARTESIAN_POINT('',(62.3316,-105.1532,1.6));
#3437 = LINE('',#3438,#3439);
#3438 = CARTESIAN_POINT('',(62.3316,-105.1532,1.6));
#3439 = VECTOR('',#3440,1.);
#3440 = DIRECTION('',(0.,1.,0.));
#3441 = ORIENTED_EDGE('',*,*,#3442,.F.);
#3442 = EDGE_CURVE('',#3443,#3435,#3445,.T.);
#3443 = VERTEX_POINT('',#3444);
#3444 = CARTESIAN_POINT('',(65.3316,-108.1532,1.6));
#3445 = CIRCLE('',#3446,3.000001172987);
#3446 = AXIS2_PLACEMENT_3D('',#3447,#3448,#3449);
#3447 = CARTESIAN_POINT('',(65.331601172987,-105.153198827,1.6));
#3448 = DIRECTION('',(0.,0.,-1.));
#3449 = DIRECTION('',(-3.909953663434E-07,-1.,-0.));
#3450 = ORIENTED_EDGE('',*,*,#3451,.F.);
#3451 = EDGE_CURVE('',#3452,#3443,#3454,.T.);
#3452 = VERTEX_POINT('',#3453);
#3453 = CARTESIAN_POINT('',(90.6752,-108.1532,1.6));
#3454 = LINE('',#3455,#3456);
#3455 = CARTESIAN_POINT('',(90.6752,-108.1532,1.6));
#3456 = VECTOR('',#3457,1.);
#3457 = DIRECTION('',(-1.,0.,0.));
#3458 = ORIENTED_EDGE('',*,*,#3459,.F.);
#3459 = EDGE_CURVE('',#3460,#3452,#3462,.T.);
#3460 = VERTEX_POINT('',#3461);
#3461 = CARTESIAN_POINT('',(90.843544,-108.15084,1.6));
#3462 = LINE('',#3463,#3464);
#3463 = CARTESIAN_POINT('',(90.843544,-108.15084,1.6));
#3464 = VECTOR('',#3465,1.);
#3465 = DIRECTION('',(-0.999901749512,-1.401753628786E-02,0.));
#3466 = ORIENTED_EDGE('',*,*,#3467,.F.);
#3467 = EDGE_CURVE('',#3468,#3460,#3470,.T.);
#3468 = VERTEX_POINT('',#3469);
#3469 = CARTESIAN_POINT('',(93.6752,-105.1532,1.6));
#3470 = CIRCLE('',#3471,2.998046463735);
#3471 = AXIS2_PLACEMENT_3D('',#3472,#3473,#3474);
#3472 = CARTESIAN_POINT('',(90.677156498161,-105.1574142371,1.6));
#3473 = DIRECTION('',(0.,0.,-1.));
#3474 = DIRECTION('',(0.999999012058,1.405661039216E-03,0.));
#3475 = ORIENTED_EDGE('',*,*,#3476,.F.);
#3476 = EDGE_CURVE('',#3189,#3468,#3477,.T.);
#3477 = LINE('',#3478,#3479);
#3478 = CARTESIAN_POINT('',(93.6752,-86.7692,1.6));
#3479 = VECTOR('',#3480,1.);
#3480 = DIRECTION('',(0.,-1.,0.));
#3481 = ORIENTED_EDGE('',*,*,#3188,.F.);
#3482 = FACE_BOUND('',#3483,.T.);
#3483 = EDGE_LOOP('',(#3484));
#3484 = ORIENTED_EDGE('',*,*,#3485,.T.);
#3485 = EDGE_CURVE('',#3486,#3486,#3488,.T.);
#3486 = VERTEX_POINT('',#3487);
#3487 = CARTESIAN_POINT('',(77.368401,-103.674,1.6));
#3488 = CIRCLE('',#3489,0.55);
#3489 = AXIS2_PLACEMENT_3D('',#3490,#3491,#3492);
#3490 = CARTESIAN_POINT('',(77.368401,-103.124,1.6));
#3491 = DIRECTION('',(-0.,0.,-1.));
#3492 = DIRECTION('',(-0.,-1.,0.));
#3493 = FACE_BOUND('',#3494,.T.);
#3494 = EDGE_LOOP('',(#3495));
#3495 = ORIENTED_EDGE('',*,*,#3496,.T.);
#3496 = EDGE_CURVE('',#3497,#3497,#3499,.T.);
#3497 = VERTEX_POINT('',#3498);
#3498 = CARTESIAN_POINT('',(69.4972,-99.3276,1.6));
#3499 = CIRCLE('',#3500,0.8);
#3500 = AXIS2_PLACEMENT_3D('',#3501,#3502,#3503);
#3501 = CARTESIAN_POINT('',(69.4972,-98.5276,1.6));
#3502 = DIRECTION('',(-0.,0.,-1.));
#3503 = DIRECTION('',(1.7763568394E-14,-1.,-0.));
#3504 = FACE_BOUND('',#3505,.T.);
#3505 = EDGE_LOOP('',(#3506));
#3506 = ORIENTED_EDGE('',*,*,#3507,.T.);
#3507 = EDGE_CURVE('',#3508,#3508,#3510,.T.);
#3508 = VERTEX_POINT('',#3509);
#3509 = CARTESIAN_POINT('',(79.9084,-103.674,1.6));
#3510 = CIRCLE('',#3511,0.55);
#3511 = AXIS2_PLACEMENT_3D('',#3512,#3513,#3514);
#3512 = CARTESIAN_POINT('',(79.9084,-103.124,1.6));
#3513 = DIRECTION('',(-0.,0.,-1.));
#3514 = DIRECTION('',(-0.,-1.,0.));
#3515 = FACE_BOUND('',#3516,.T.);
#3516 = EDGE_LOOP('',(#3517));
#3517 = ORIENTED_EDGE('',*,*,#3518,.T.);
#3518 = EDGE_CURVE('',#3519,#3519,#3521,.T.);
#3519 = VERTEX_POINT('',#3520);
#3520 = CARTESIAN_POINT('',(82.4484,-103.674,1.6));
#3521 = CIRCLE('',#3522,0.55);
#3522 = AXIS2_PLACEMENT_3D('',#3523,#3524,#3525);
#3523 = CARTESIAN_POINT('',(82.4484,-103.124,1.6));
#3524 = DIRECTION('',(-0.,0.,-1.));
#3525 = DIRECTION('',(2.5837917664E-14,-1.,-0.));
#3526 = FACE_BOUND('',#3527,.T.);
#3527 = EDGE_LOOP('',(#3528));
#3528 = ORIENTED_EDGE('',*,*,#3529,.T.);
#3529 = EDGE_CURVE('',#3530,#3530,#3532,.T.);
#3530 = VERTEX_POINT('',#3531);
#3531 = CARTESIAN_POINT('',(90.9828,-97.8836,1.6));
#3532 = CIRCLE('',#3533,0.5);
#3533 = AXIS2_PLACEMENT_3D('',#3534,#3535,#3536);
#3534 = CARTESIAN_POINT('',(90.9828,-97.3836,1.6));
#3535 = DIRECTION('',(-0.,0.,-1.));
#3536 = DIRECTION('',(-0.,-1.,0.));
#3537 = FACE_BOUND('',#3538,.T.);
#3538 = EDGE_LOOP('',(#3539));
#3539 = ORIENTED_EDGE('',*,*,#3540,.T.);
#3540 = EDGE_CURVE('',#3541,#3541,#3543,.T.);
#3541 = VERTEX_POINT('',#3542);
#3542 = CARTESIAN_POINT('',(66.4972,-94.6276,1.6));
#3543 = CIRCLE('',#3544,0.8);
#3544 = AXIS2_PLACEMENT_3D('',#3545,#3546,#3547);
#3545 = CARTESIAN_POINT('',(66.4972,-93.8276,1.6));
#3546 = DIRECTION('',(-0.,0.,-1.));
#3547 = DIRECTION('',(1.7763568394E-14,-1.,-0.));
#3548 = FACE_BOUND('',#3549,.T.);
#3549 = EDGE_LOOP('',(#3550));
#3550 = ORIENTED_EDGE('',*,*,#3551,.T.);
#3551 = EDGE_CURVE('',#3552,#3552,#3554,.T.);
#3552 = VERTEX_POINT('',#3553);
#3553 = CARTESIAN_POINT('',(72.4972,-94.6276,1.6));
#3554 = CIRCLE('',#3555,0.8);
#3555 = AXIS2_PLACEMENT_3D('',#3556,#3557,#3558);
#3556 = CARTESIAN_POINT('',(72.4972,-93.8276,1.6));
#3557 = DIRECTION('',(-0.,0.,-1.));
#3558 = DIRECTION('',(1.7763568394E-14,-1.,-0.));
#3559 = FACE_BOUND('',#3560,.T.);
#3560 = EDGE_LOOP('',(#3561));
#3561 = ORIENTED_EDGE('',*,*,#3562,.T.);
#3562 = EDGE_CURVE('',#3563,#3563,#3565,.T.);
#3563 = VERTEX_POINT('',#3564);
#3564 = CARTESIAN_POINT('',(80.3656,-95.4276,1.6));
#3565 = CIRCLE('',#3566,1.6);
#3566 = AXIS2_PLACEMENT_3D('',#3567,#3568,#3569);
#3567 = CARTESIAN_POINT('',(80.3656,-93.8276,1.6));
#3568 = DIRECTION('',(-0.,0.,-1.));
#3569 = DIRECTION('',(-0.,-1.,0.));
#3570 = FACE_BOUND('',#3571,.T.);
#3571 = EDGE_LOOP('',(#3572));
#3572 = ORIENTED_EDGE('',*,*,#3573,.T.);
#3573 = EDGE_CURVE('',#3574,#3574,#3576,.T.);
#3574 = VERTEX_POINT('',#3575);
#3575 = CARTESIAN_POINT('',(90.9828,-95.3436,1.6));
#3576 = CIRCLE('',#3577,0.5);
#3577 = AXIS2_PLACEMENT_3D('',#3578,#3579,#3580);
#3578 = CARTESIAN_POINT('',(90.9828,-94.8436,1.6));
#3579 = DIRECTION('',(-0.,0.,-1.));
#3580 = DIRECTION('',(-0.,-1.,0.));
#3581 = FACE_BOUND('',#3582,.T.);
#3582 = EDGE_LOOP('',(#3583));
#3583 = ORIENTED_EDGE('',*,*,#3584,.T.);
#3584 = EDGE_CURVE('',#3585,#3585,#3587,.T.);
#3585 = VERTEX_POINT('',#3586);
#3586 = CARTESIAN_POINT('',(90.9828,-89.8572,1.6));
#3587 = CIRCLE('',#3588,0.5);
#3588 = AXIS2_PLACEMENT_3D('',#3589,#3590,#3591);
#3589 = CARTESIAN_POINT('',(90.9828,-89.3572,1.6));
#3590 = DIRECTION('',(-0.,0.,-1.));
#3591 = DIRECTION('',(-0.,-1.,0.));
#3592 = FACE_BOUND('',#3593,.T.);
#3593 = EDGE_LOOP('',(#3594));
#3594 = ORIENTED_EDGE('',*,*,#3595,.T.);
#3595 = EDGE_CURVE('',#3596,#3596,#3598,.T.);
#3596 = VERTEX_POINT('',#3597);
#3597 = CARTESIAN_POINT('',(90.9828,-87.3172,1.6));
#3598 = CIRCLE('',#3599,0.5);
#3599 = AXIS2_PLACEMENT_3D('',#3600,#3601,#3602);
#3600 = CARTESIAN_POINT('',(90.9828,-86.8172,1.6));
#3601 = DIRECTION('',(-0.,0.,-1.));
#3602 = DIRECTION('',(-0.,-1.,0.));
#3603 = PLANE('',#3604);
#3604 = AXIS2_PLACEMENT_3D('',#3605,#3606,#3607);
#3605 = CARTESIAN_POINT('',(0.,0.,1.6));
#3606 = DIRECTION('',(0.,0.,1.));
#3607 = DIRECTION('',(1.,0.,-0.));
#3608 = ADVANCED_FACE('',(#3609),#3620,.T.);
#3609 = FACE_BOUND('',#3610,.T.);
#3610 = EDGE_LOOP('',(#3611,#3617,#3618,#3619));
#3611 = ORIENTED_EDGE('',*,*,#3612,.T.);
#3612 = EDGE_CURVE('',#3221,#3418,#3613,.T.);
#3613 = LINE('',#3614,#3615);
#3614 = CARTESIAN_POINT('',(65.163256,-83.77156,0.));
#3615 = VECTOR('',#3616,1.);
#3616 = DIRECTION('',(0.,0.,1.));
#3617 = ORIENTED_EDGE('',*,*,#3417,.T.);
#3618 = ORIENTED_EDGE('',*,*,#3156,.F.);
#3619 = ORIENTED_EDGE('',*,*,#3220,.F.);
#3620 = PLANE('',#3621);
#3621 = AXIS2_PLACEMENT_3D('',#3622,#3623,#3624);
#3622 = CARTESIAN_POINT('',(65.163256,-83.77156,0.));
#3623 = DIRECTION('',(-1.401753628786E-02,0.999901749512,0.));
#3624 = DIRECTION('',(0.999901749512,1.401753628786E-02,0.));
#3625 = ADVANCED_FACE('',(#3626),#3637,.T.);
#3626 = FACE_BOUND('',#3627,.T.);
#3627 = EDGE_LOOP('',(#3628,#3629,#3630,#3636));
#3628 = ORIENTED_EDGE('',*,*,#3196,.T.);
#3629 = ORIENTED_EDGE('',*,*,#3476,.T.);
#3630 = ORIENTED_EDGE('',*,*,#3631,.F.);
#3631 = EDGE_CURVE('',#3271,#3468,#3632,.T.);
#3632 = LINE('',#3633,#3634);
#3633 = CARTESIAN_POINT('',(93.6752,-105.1532,0.));
#3634 = VECTOR('',#3635,1.);
#3635 = DIRECTION('',(0.,0.,1.));
#3636 = ORIENTED_EDGE('',*,*,#3279,.F.);
#3637 = PLANE('',#3638);
#3638 = AXIS2_PLACEMENT_3D('',#3639,#3640,#3641);
#3639 = CARTESIAN_POINT('',(93.6752,-86.7692,0.));
#3640 = DIRECTION('',(1.,0.,-0.));
#3641 = DIRECTION('',(0.,-1.,0.));
#3642 = ADVANCED_FACE('',(#3643),#3654,.T.);
#3643 = FACE_BOUND('',#3644,.T.);
#3644 = EDGE_LOOP('',(#3645,#3651,#3652,#3653));
#3645 = ORIENTED_EDGE('',*,*,#3646,.T.);
#3646 = EDGE_CURVE('',#3229,#3426,#3647,.T.);
#3647 = LINE('',#3648,#3649);
#3648 = CARTESIAN_POINT('',(62.3316,-86.7692,0.));
#3649 = VECTOR('',#3650,1.);
#3650 = DIRECTION('',(0.,0.,1.));
#3651 = ORIENTED_EDGE('',*,*,#3425,.T.);
#3652 = ORIENTED_EDGE('',*,*,#3612,.F.);
#3653 = ORIENTED_EDGE('',*,*,#3228,.F.);
#3654 = CYLINDRICAL_SURFACE('',#3655,2.998046463735);
#3655 = AXIS2_PLACEMENT_3D('',#3656,#3657,#3658);
#3656 = CARTESIAN_POINT('',(65.329643501839,-86.76498576289,0.));
#3657 = DIRECTION('',(0.,0.,-1.));
#3658 = DIRECTION('',(-0.999999012058,-1.405661039221E-03,-0.));
#3659 = ADVANCED_FACE('',(#3660),#3671,.T.);
#3660 = FACE_BOUND('',#3661,.T.);
#3661 = EDGE_LOOP('',(#3662,#3663,#3664,#3670));
#3662 = ORIENTED_EDGE('',*,*,#3631,.T.);
#3663 = ORIENTED_EDGE('',*,*,#3467,.T.);
#3664 = ORIENTED_EDGE('',*,*,#3665,.F.);
#3665 = EDGE_CURVE('',#3263,#3460,#3666,.T.);
#3666 = LINE('',#3667,#3668);
#3667 = CARTESIAN_POINT('',(90.843544,-108.15084,0.));
#3668 = VECTOR('',#3669,1.);
#3669 = DIRECTION('',(0.,0.,1.));
#3670 = ORIENTED_EDGE('',*,*,#3270,.F.);
#3671 = CYLINDRICAL_SURFACE('',#3672,2.998046463735);
#3672 = AXIS2_PLACEMENT_3D('',#3673,#3674,#3675);
#3673 = CARTESIAN_POINT('',(90.677156498161,-105.1574142371,0.));
#3674 = DIRECTION('',(0.,0.,-1.));
#3675 = DIRECTION('',(0.999999012058,1.405661039216E-03,0.));
#3676 = ADVANCED_FACE('',(#3677),#3688,.T.);
#3677 = FACE_BOUND('',#3678,.T.);
#3678 = EDGE_LOOP('',(#3679,#3685,#3686,#3687));
#3679 = ORIENTED_EDGE('',*,*,#3680,.T.);
#3680 = EDGE_CURVE('',#3238,#3435,#3681,.T.);
#3681 = LINE('',#3682,#3683);
#3682 = CARTESIAN_POINT('',(62.3316,-105.1532,0.));
#3683 = VECTOR('',#3684,1.);
#3684 = DIRECTION('',(0.,0.,1.));
#3685 = ORIENTED_EDGE('',*,*,#3434,.T.);
#3686 = ORIENTED_EDGE('',*,*,#3646,.F.);
#3687 = ORIENTED_EDGE('',*,*,#3237,.F.);
#3688 = PLANE('',#3689);
#3689 = AXIS2_PLACEMENT_3D('',#3690,#3691,#3692);
#3690 = CARTESIAN_POINT('',(62.3316,-105.1532,0.));
#3691 = DIRECTION('',(-1.,0.,0.));
#3692 = DIRECTION('',(0.,1.,0.));
#3693 = ADVANCED_FACE('',(#3694),#3705,.T.);
#3694 = FACE_BOUND('',#3695,.T.);
#3695 = EDGE_LOOP('',(#3696,#3697,#3698,#3704));
#3696 = ORIENTED_EDGE('',*,*,#3665,.T.);
#3697 = ORIENTED_EDGE('',*,*,#3459,.T.);
#3698 = ORIENTED_EDGE('',*,*,#3699,.F.);
#3699 = EDGE_CURVE('',#3255,#3452,#3700,.T.);
#3700 = LINE('',#3701,#3702);
#3701 = CARTESIAN_POINT('',(90.6752,-108.1532,0.));
#3702 = VECTOR('',#3703,1.);
#3703 = DIRECTION('',(0.,0.,1.));
#3704 = ORIENTED_EDGE('',*,*,#3262,.F.);
#3705 = PLANE('',#3706);
#3706 = AXIS2_PLACEMENT_3D('',#3707,#3708,#3709);
#3707 = CARTESIAN_POINT('',(90.843544,-108.15084,0.));
#3708 = DIRECTION('',(1.401753628786E-02,-0.999901749512,0.));
#3709 = DIRECTION('',(-0.999901749512,-1.401753628786E-02,0.));
#3710 = ADVANCED_FACE('',(#3711),#3722,.T.);
#3711 = FACE_BOUND('',#3712,.T.);
#3712 = EDGE_LOOP('',(#3713,#3719,#3720,#3721));
#3713 = ORIENTED_EDGE('',*,*,#3714,.T.);
#3714 = EDGE_CURVE('',#3246,#3443,#3715,.T.);
#3715 = LINE('',#3716,#3717);
#3716 = CARTESIAN_POINT('',(65.3316,-108.1532,0.));
#3717 = VECTOR('',#3718,1.);
#3718 = DIRECTION('',(0.,0.,1.));
#3719 = ORIENTED_EDGE('',*,*,#3442,.T.);
#3720 = ORIENTED_EDGE('',*,*,#3680,.F.);
#3721 = ORIENTED_EDGE('',*,*,#3245,.F.);
#3722 = CYLINDRICAL_SURFACE('',#3723,3.000001172987);
#3723 = AXIS2_PLACEMENT_3D('',#3724,#3725,#3726);
#3724 = CARTESIAN_POINT('',(65.331601172987,-105.153198827,0.));
#3725 = DIRECTION('',(0.,0.,-1.));
#3726 = DIRECTION('',(-3.909953663434E-07,-1.,-0.));
#3727 = ADVANCED_FACE('',(#3728),#3734,.T.);
#3728 = FACE_BOUND('',#3729,.T.);
#3729 = EDGE_LOOP('',(#3730,#3731,#3732,#3733));
#3730 = ORIENTED_EDGE('',*,*,#3699,.T.);
#3731 = ORIENTED_EDGE('',*,*,#3451,.T.);
#3732 = ORIENTED_EDGE('',*,*,#3714,.F.);
#3733 = ORIENTED_EDGE('',*,*,#3254,.F.);
#3734 = PLANE('',#3735);
#3735 = AXIS2_PLACEMENT_3D('',#3736,#3737,#3738);
#3736 = CARTESIAN_POINT('',(90.6752,-108.1532,0.));
#3737 = DIRECTION('',(0.,-1.,0.));
#3738 = DIRECTION('',(-1.,0.,0.));
#3739 = ADVANCED_FACE('',(#3740),#3751,.F.);
#3740 = FACE_BOUND('',#3741,.T.);
#3741 = EDGE_LOOP('',(#3742,#3743,#3749,#3750));
#3742 = ORIENTED_EDGE('',*,*,#3288,.T.);
#3743 = ORIENTED_EDGE('',*,*,#3744,.T.);
#3744 = EDGE_CURVE('',#3289,#3486,#3745,.T.);
#3745 = LINE('',#3746,#3747);
#3746 = CARTESIAN_POINT('',(77.368401,-103.674,-4.5E-02));
#3747 = VECTOR('',#3748,1.);
#3748 = DIRECTION('',(0.,0.,1.));
#3749 = ORIENTED_EDGE('',*,*,#3485,.F.);
#3750 = ORIENTED_EDGE('',*,*,#3744,.F.);
#3751 = CYLINDRICAL_SURFACE('',#3752,0.55);
#3752 = AXIS2_PLACEMENT_3D('',#3753,#3754,#3755);
#3753 = CARTESIAN_POINT('',(77.368401,-103.124,-4.5E-02));
#3754 = DIRECTION('',(-0.,-0.,-1.));
#3755 = DIRECTION('',(-0.,-1.,0.));
#3756 = ADVANCED_FACE('',(#3757),#3768,.F.);
#3757 = FACE_BOUND('',#3758,.T.);
#3758 = EDGE_LOOP('',(#3759,#3760,#3766,#3767));
#3759 = ORIENTED_EDGE('',*,*,#3299,.T.);
#3760 = ORIENTED_EDGE('',*,*,#3761,.T.);
#3761 = EDGE_CURVE('',#3300,#3497,#3762,.T.);
#3762 = LINE('',#3763,#3764);
#3763 = CARTESIAN_POINT('',(69.4972,-99.3276,-4.5E-02));
#3764 = VECTOR('',#3765,1.);
#3765 = DIRECTION('',(0.,0.,1.));
#3766 = ORIENTED_EDGE('',*,*,#3496,.F.);
#3767 = ORIENTED_EDGE('',*,*,#3761,.F.);
#3768 = CYLINDRICAL_SURFACE('',#3769,0.8);
#3769 = AXIS2_PLACEMENT_3D('',#3770,#3771,#3772);
#3770 = CARTESIAN_POINT('',(69.4972,-98.5276,-4.5E-02));
#3771 = DIRECTION('',(-0.,0.,-1.));
#3772 = DIRECTION('',(1.7763568394E-14,-1.,-0.));
#3773 = ADVANCED_FACE('',(#3774),#3785,.F.);
#3774 = FACE_BOUND('',#3775,.T.);
#3775 = EDGE_LOOP('',(#3776,#3777,#3783,#3784));
#3776 = ORIENTED_EDGE('',*,*,#3310,.T.);
#3777 = ORIENTED_EDGE('',*,*,#3778,.T.);
#3778 = EDGE_CURVE('',#3311,#3508,#3779,.T.);
#3779 = LINE('',#3780,#3781);
#3780 = CARTESIAN_POINT('',(79.9084,-103.674,-4.5E-02));
#3781 = VECTOR('',#3782,1.);
#3782 = DIRECTION('',(0.,0.,1.));
#3783 = ORIENTED_EDGE('',*,*,#3507,.F.);
#3784 = ORIENTED_EDGE('',*,*,#3778,.F.);
#3785 = CYLINDRICAL_SURFACE('',#3786,0.55);
#3786 = AXIS2_PLACEMENT_3D('',#3787,#3788,#3789);
#3787 = CARTESIAN_POINT('',(79.9084,-103.124,-4.5E-02));
#3788 = DIRECTION('',(-0.,-0.,-1.));
#3789 = DIRECTION('',(-0.,-1.,0.));
#3790 = ADVANCED_FACE('',(#3791),#3802,.F.);
#3791 = FACE_BOUND('',#3792,.T.);
#3792 = EDGE_LOOP('',(#3793,#3794,#3800,#3801));
#3793 = ORIENTED_EDGE('',*,*,#3321,.T.);
#3794 = ORIENTED_EDGE('',*,*,#3795,.T.);
#3795 = EDGE_CURVE('',#3322,#3519,#3796,.T.);
#3796 = LINE('',#3797,#3798);
#3797 = CARTESIAN_POINT('',(82.4484,-103.674,-4.5E-02));
#3798 = VECTOR('',#3799,1.);
#3799 = DIRECTION('',(0.,0.,1.));
#3800 = ORIENTED_EDGE('',*,*,#3518,.F.);
#3801 = ORIENTED_EDGE('',*,*,#3795,.F.);
#3802 = CYLINDRICAL_SURFACE('',#3803,0.55);
#3803 = AXIS2_PLACEMENT_3D('',#3804,#3805,#3806);
#3804 = CARTESIAN_POINT('',(82.4484,-103.124,-4.5E-02));
#3805 = DIRECTION('',(-0.,0.,-1.));
#3806 = DIRECTION('',(2.5837917664E-14,-1.,-0.));
#3807 = ADVANCED_FACE('',(#3808),#3819,.F.);
#3808 = FACE_BOUND('',#3809,.T.);
#3809 = EDGE_LOOP('',(#3810,#3811,#3817,#3818));
#3810 = ORIENTED_EDGE('',*,*,#3332,.T.);
#3811 = ORIENTED_EDGE('',*,*,#3812,.T.);
#3812 = EDGE_CURVE('',#3333,#3530,#3813,.T.);
#3813 = LINE('',#3814,#3815);
#3814 = CARTESIAN_POINT('',(90.9828,-97.8836,-4.5E-02));
#3815 = VECTOR('',#3816,1.);
#3816 = DIRECTION('',(0.,0.,1.));
#3817 = ORIENTED_EDGE('',*,*,#3529,.F.);
#3818 = ORIENTED_EDGE('',*,*,#3812,.F.);
#3819 = CYLINDRICAL_SURFACE('',#3820,0.5);
#3820 = AXIS2_PLACEMENT_3D('',#3821,#3822,#3823);
#3821 = CARTESIAN_POINT('',(90.9828,-97.3836,-4.5E-02));
#3822 = DIRECTION('',(-0.,-0.,-1.));
#3823 = DIRECTION('',(-0.,-1.,0.));
#3824 = ADVANCED_FACE('',(#3825),#3836,.F.);
#3825 = FACE_BOUND('',#3826,.T.);
#3826 = EDGE_LOOP('',(#3827,#3828,#3834,#3835));
#3827 = ORIENTED_EDGE('',*,*,#3343,.T.);
#3828 = ORIENTED_EDGE('',*,*,#3829,.T.);
#3829 = EDGE_CURVE('',#3344,#3541,#3830,.T.);
#3830 = LINE('',#3831,#3832);
#3831 = CARTESIAN_POINT('',(66.4972,-94.6276,-4.5E-02));
#3832 = VECTOR('',#3833,1.);
#3833 = DIRECTION('',(0.,0.,1.));
#3834 = ORIENTED_EDGE('',*,*,#3540,.F.);
#3835 = ORIENTED_EDGE('',*,*,#3829,.F.);
#3836 = CYLINDRICAL_SURFACE('',#3837,0.8);
#3837 = AXIS2_PLACEMENT_3D('',#3838,#3839,#3840);
#3838 = CARTESIAN_POINT('',(66.4972,-93.8276,-4.5E-02));
#3839 = DIRECTION('',(-0.,0.,-1.));
#3840 = DIRECTION('',(1.7763568394E-14,-1.,-0.));
#3841 = ADVANCED_FACE('',(#3842),#3853,.F.);
#3842 = FACE_BOUND('',#3843,.T.);
#3843 = EDGE_LOOP('',(#3844,#3845,#3851,#3852));
#3844 = ORIENTED_EDGE('',*,*,#3354,.T.);
#3845 = ORIENTED_EDGE('',*,*,#3846,.T.);
#3846 = EDGE_CURVE('',#3355,#3552,#3847,.T.);
#3847 = LINE('',#3848,#3849);
#3848 = CARTESIAN_POINT('',(72.4972,-94.6276,-4.5E-02));
#3849 = VECTOR('',#3850,1.);
#3850 = DIRECTION('',(0.,0.,1.));
#3851 = ORIENTED_EDGE('',*,*,#3551,.F.);
#3852 = ORIENTED_EDGE('',*,*,#3846,.F.);
#3853 = CYLINDRICAL_SURFACE('',#3854,0.8);
#3854 = AXIS2_PLACEMENT_3D('',#3855,#3856,#3857);
#3855 = CARTESIAN_POINT('',(72.4972,-93.8276,-4.5E-02));
#3856 = DIRECTION('',(-0.,0.,-1.));
#3857 = DIRECTION('',(1.7763568394E-14,-1.,-0.));
#3858 = ADVANCED_FACE('',(#3859),#3870,.F.);
#3859 = FACE_BOUND('',#3860,.T.);
#3860 = EDGE_LOOP('',(#3861,#3862,#3868,#3869));
#3861 = ORIENTED_EDGE('',*,*,#3365,.T.);
#3862 = ORIENTED_EDGE('',*,*,#3863,.T.);
#3863 = EDGE_CURVE('',#3366,#3563,#3864,.T.);
#3864 = LINE('',#3865,#3866);
#3865 = CARTESIAN_POINT('',(80.3656,-95.4276,-4.5E-02));
#3866 = VECTOR('',#3867,1.);
#3867 = DIRECTION('',(0.,0.,1.));
#3868 = ORIENTED_EDGE('',*,*,#3562,.F.);
#3869 = ORIENTED_EDGE('',*,*,#3863,.F.);
#3870 = CYLINDRICAL_SURFACE('',#3871,1.6);
#3871 = AXIS2_PLACEMENT_3D('',#3872,#3873,#3874);
#3872 = CARTESIAN_POINT('',(80.3656,-93.8276,-4.5E-02));
#3873 = DIRECTION('',(-0.,-0.,-1.));
#3874 = DIRECTION('',(-0.,-1.,0.));
#3875 = ADVANCED_FACE('',(#3876),#3887,.F.);
#3876 = FACE_BOUND('',#3877,.T.);
#3877 = EDGE_LOOP('',(#3878,#3879,#3885,#3886));
#3878 = ORIENTED_EDGE('',*,*,#3376,.T.);
#3879 = ORIENTED_EDGE('',*,*,#3880,.T.);
#3880 = EDGE_CURVE('',#3377,#3574,#3881,.T.);
#3881 = LINE('',#3882,#3883);
#3882 = CARTESIAN_POINT('',(90.9828,-95.3436,-4.5E-02));
#3883 = VECTOR('',#3884,1.);
#3884 = DIRECTION('',(0.,0.,1.));
#3885 = ORIENTED_EDGE('',*,*,#3573,.F.);
#3886 = ORIENTED_EDGE('',*,*,#3880,.F.);
#3887 = CYLINDRICAL_SURFACE('',#3888,0.5);
#3888 = AXIS2_PLACEMENT_3D('',#3889,#3890,#3891);
#3889 = CARTESIAN_POINT('',(90.9828,-94.8436,-4.5E-02));
#3890 = DIRECTION('',(-0.,-0.,-1.));
#3891 = DIRECTION('',(-0.,-1.,0.));
#3892 = ADVANCED_FACE('',(#3893),#3904,.F.);
#3893 = FACE_BOUND('',#3894,.T.);
#3894 = EDGE_LOOP('',(#3895,#3896,#3902,#3903));
#3895 = ORIENTED_EDGE('',*,*,#3387,.T.);
#3896 = ORIENTED_EDGE('',*,*,#3897,.T.);
#3897 = EDGE_CURVE('',#3388,#3585,#3898,.T.);
#3898 = LINE('',#3899,#3900);
#3899 = CARTESIAN_POINT('',(90.9828,-89.8572,-4.5E-02));
#3900 = VECTOR('',#3901,1.);
#3901 = DIRECTION('',(0.,0.,1.));
#3902 = ORIENTED_EDGE('',*,*,#3584,.F.);
#3903 = ORIENTED_EDGE('',*,*,#3897,.F.);
#3904 = CYLINDRICAL_SURFACE('',#3905,0.5);
#3905 = AXIS2_PLACEMENT_3D('',#3906,#3907,#3908);
#3906 = CARTESIAN_POINT('',(90.9828,-89.3572,-4.5E-02));
#3907 = DIRECTION('',(-0.,-0.,-1.));
#3908 = DIRECTION('',(-0.,-1.,0.));
#3909 = ADVANCED_FACE('',(#3910),#3921,.F.);
#3910 = FACE_BOUND('',#3911,.T.);
#3911 = EDGE_LOOP('',(#3912,#3913,#3919,#3920));
#3912 = ORIENTED_EDGE('',*,*,#3398,.T.);
#3913 = ORIENTED_EDGE('',*,*,#3914,.T.);
#3914 = EDGE_CURVE('',#3399,#3596,#3915,.T.);
#3915 = LINE('',#3916,#3917);
#3916 = CARTESIAN_POINT('',(90.9828,-87.3172,-4.5E-02));
#3917 = VECTOR('',#3918,1.);
#3918 = DIRECTION('',(0.,0.,1.));
#3919 = ORIENTED_EDGE('',*,*,#3595,.F.);
#3920 = ORIENTED_EDGE('',*,*,#3914,.F.);
#3921 = CYLINDRICAL_SURFACE('',#3922,0.5);
#3922 = AXIS2_PLACEMENT_3D('',#3923,#3924,#3925);
#3923 = CARTESIAN_POINT('',(90.9828,-86.8172,-4.5E-02));
#3924 = DIRECTION('',(-0.,-0.,-1.));
#3925 = DIRECTION('',(-0.,-1.,0.));
#3926 = ( GEOMETRIC_REPRESENTATION_CONTEXT(3) 
GLOBAL_UNCERTAINTY_ASSIGNED_CONTEXT((#3930)) 
GLOBAL_UNIT_ASSIGNED_CONTEXT((#3927,#3928,#3929)) REPRESENTATION_CONTEXT
('Context #1','3D Context with UNIT and UNCERTAINTY') );
#3927 = ( LENGTH_UNIT() NAMED_UNIT(*) SI_UNIT(.MILLI.,.METRE.) );
#3928 = ( NAMED_UNIT(*) PLANE_ANGLE_UNIT() SI_UNIT($,.RADIAN.) );
#3929 = ( NAMED_UNIT(*) SI_UNIT($,.STERADIAN.) SOLID_ANGLE_UNIT() );
#3930 = UNCERTAINTY_MEASURE_WITH_UNIT(LENGTH_MEASURE(1.E-07),#3927,
  'distance_accuracy_value','confusion accuracy');
#3931 = CONTEXT_DEPENDENT_SHAPE_REPRESENTATION(#3932,#3934);
#3932 = ( REPRESENTATION_RELATIONSHIP('','',#3107,#10) 
REPRESENTATION_RELATIONSHIP_WITH_TRANSFORMATION(#3933) 
SHAPE_REPRESENTATION_RELATIONSHIP() );
#3933 = ITEM_DEFINED_TRANSFORMATION('','',#11,#27);
#3934 = PRODUCT_DEFINITION_SHAPE('Placement','Placement of an item',
  #3935);
#3935 = NEXT_ASSEMBLY_USAGE_OCCURRENCE('6','=>[0:1:1:6]','',#5,#3102,$);
#3936 = PRODUCT_RELATED_PRODUCT_CATEGORY('part',$,(#3104));
#3937 = MECHANICAL_DESIGN_GEOMETRIC_PRESENTATION_REPRESENTATION('',(
    #3938),#3926);
#3938 = STYLED_ITEM('color',(#3939),#3108);
#3939 = PRESENTATION_STYLE_ASSIGNMENT((#3940));
#3940 = SURFACE_STYLE_USAGE(.BOTH.,#3941);
#3941 = SURFACE_SIDE_STYLE('',(#3942));
#3942 = SURFACE_STYLE_FILL_AREA(#3943);
#3943 = FILL_AREA_STYLE('',(#3944));
#3944 = FILL_AREA_STYLE_COLOUR('',#3945);
#3945 = COLOUR_RGB('',0.313304153717,0.484529207832,0.410020903123);
#3946 = MECHANICAL_DESIGN_GEOMETRIC_PRESENTATION_REPRESENTATION('',(
    #3947,#3955,#3962,#3969,#3976,#3983,#3990,#3997,#4004,#4012,#4019,
    #4026,#4033,#4040,#4047,#4054,#4061,#4068,#4075,#4082,#4089,#4096,
    #4103,#4110,#4117,#4124,#4131,#4138,#4145,#4152,#4159,#4166,#4173,
    #4180,#4187,#4194,#4201,#4208,#4215,#4222,#4229,#4236,#4243,#4250,
    #4257,#4264,#4271,#4278),#3089);
#3947 = STYLED_ITEM('color',(#3948),#1549);
#3948 = PRESENTATION_STYLE_ASSIGNMENT((#3949));
#3949 = SURFACE_STYLE_USAGE(.BOTH.,#3950);
#3950 = SURFACE_SIDE_STYLE('',(#3951));
#3951 = SURFACE_STYLE_FILL_AREA(#3952);
#3952 = FILL_AREA_STYLE('',(#3953));
#3953 = FILL_AREA_STYLE_COLOUR('',#3954);
#3954 = COLOUR_RGB('',0.147999998088,0.144999993226,0.144999993226);
#3955 = STYLED_ITEM('color',(#3956),#1605);
#3956 = PRESENTATION_STYLE_ASSIGNMENT((#3957));
#3957 = SURFACE_STYLE_USAGE(.BOTH.,#3958);
#3958 = SURFACE_SIDE_STYLE('',(#3959));
#3959 = SURFACE_STYLE_FILL_AREA(#3960);
#3960 = FILL_AREA_STYLE('',(#3961));
#3961 = FILL_AREA_STYLE_COLOUR('',#3954);
#3962 = STYLED_ITEM('color',(#3963),#1732);
#3963 = PRESENTATION_STYLE_ASSIGNMENT((#3964));
#3964 = SURFACE_STYLE_USAGE(.BOTH.,#3965);
#3965 = SURFACE_SIDE_STYLE('',(#3966));
#3966 = SURFACE_STYLE_FILL_AREA(#3967);
#3967 = FILL_AREA_STYLE('',(#3968));
#3968 = FILL_AREA_STYLE_COLOUR('',#3954);
#3969 = STYLED_ITEM('color',(#3970),#1756);
#3970 = PRESENTATION_STYLE_ASSIGNMENT((#3971));
#3971 = SURFACE_STYLE_USAGE(.BOTH.,#3972);
#3972 = SURFACE_SIDE_STYLE('',(#3973));
#3973 = SURFACE_STYLE_FILL_AREA(#3974);
#3974 = FILL_AREA_STYLE('',(#3975));
#3975 = FILL_AREA_STYLE_COLOUR('',#3954);
#3976 = STYLED_ITEM('color',(#3977),#1780);
#3977 = PRESENTATION_STYLE_ASSIGNMENT((#3978));
#3978 = SURFACE_STYLE_USAGE(.BOTH.,#3979);
#3979 = SURFACE_SIDE_STYLE('',(#3980));
#3980 = SURFACE_STYLE_FILL_AREA(#3981);
#3981 = FILL_AREA_STYLE('',(#3982));
#3982 = FILL_AREA_STYLE_COLOUR('',#3954);
#3983 = STYLED_ITEM('color',(#3984),#1836);
#3984 = PRESENTATION_STYLE_ASSIGNMENT((#3985));
#3985 = SURFACE_STYLE_USAGE(.BOTH.,#3986);
#3986 = SURFACE_SIDE_STYLE('',(#3987));
#3987 = SURFACE_STYLE_FILL_AREA(#3988);
#3988 = FILL_AREA_STYLE('',(#3989));
#3989 = FILL_AREA_STYLE_COLOUR('',#3954);
#3990 = STYLED_ITEM('color',(#3991),#1883);
#3991 = PRESENTATION_STYLE_ASSIGNMENT((#3992));
#3992 = SURFACE_STYLE_USAGE(.BOTH.,#3993);
#3993 = SURFACE_SIDE_STYLE('',(#3994));
#3994 = SURFACE_STYLE_FILL_AREA(#3995);
#3995 = FILL_AREA_STYLE('',(#3996));
#3996 = FILL_AREA_STYLE_COLOUR('',#3954);
#3997 = STYLED_ITEM('color',(#3998),#1969);
#3998 = PRESENTATION_STYLE_ASSIGNMENT((#3999));
#3999 = SURFACE_STYLE_USAGE(.BOTH.,#4000);
#4000 = SURFACE_SIDE_STYLE('',(#4001));
#4001 = SURFACE_STYLE_FILL_AREA(#4002);
#4002 = FILL_AREA_STYLE('',(#4003));
#4003 = FILL_AREA_STYLE_COLOUR('',#3954);
#4004 = STYLED_ITEM('color',(#4005),#1983);
#4005 = PRESENTATION_STYLE_ASSIGNMENT((#4006));
#4006 = SURFACE_STYLE_USAGE(.BOTH.,#4007);
#4007 = SURFACE_SIDE_STYLE('',(#4008));
#4008 = SURFACE_STYLE_FILL_AREA(#4009);
#4009 = FILL_AREA_STYLE('',(#4010));
#4010 = FILL_AREA_STYLE_COLOUR('',#4011);
#4011 = COLOUR_RGB('',0.823999987314,0.819999987296,0.781000009244);
#4012 = STYLED_ITEM('color',(#4013),#2023);
#4013 = PRESENTATION_STYLE_ASSIGNMENT((#4014));
#4014 = SURFACE_STYLE_USAGE(.BOTH.,#4015);
#4015 = SURFACE_SIDE_STYLE('',(#4016));
#4016 = SURFACE_STYLE_FILL_AREA(#4017);
#4017 = FILL_AREA_STYLE('',(#4018));
#4018 = FILL_AREA_STYLE_COLOUR('',#4011);
#4019 = STYLED_ITEM('color',(#4020),#2047);
#4020 = PRESENTATION_STYLE_ASSIGNMENT((#4021));
#4021 = SURFACE_STYLE_USAGE(.BOTH.,#4022);
#4022 = SURFACE_SIDE_STYLE('',(#4023));
#4023 = SURFACE_STYLE_FILL_AREA(#4024);
#4024 = FILL_AREA_STYLE('',(#4025));
#4025 = FILL_AREA_STYLE_COLOUR('',#4011);
#4026 = STYLED_ITEM('color',(#4027),#2080);
#4027 = PRESENTATION_STYLE_ASSIGNMENT((#4028));
#4028 = SURFACE_STYLE_USAGE(.BOTH.,#4029);
#4029 = SURFACE_SIDE_STYLE('',(#4030));
#4030 = SURFACE_STYLE_FILL_AREA(#4031);
#4031 = FILL_AREA_STYLE('',(#4032));
#4032 = FILL_AREA_STYLE_COLOUR('',#4011);
#4033 = STYLED_ITEM('color',(#4034),#2120);
#4034 = PRESENTATION_STYLE_ASSIGNMENT((#4035));
#4035 = SURFACE_STYLE_USAGE(.BOTH.,#4036);
#4036 = SURFACE_SIDE_STYLE('',(#4037));
#4037 = SURFACE_STYLE_FILL_AREA(#4038);
#4038 = FILL_AREA_STYLE('',(#4039));
#4039 = FILL_AREA_STYLE_COLOUR('',#4011);
#4040 = STYLED_ITEM('color',(#4041),#2144);
#4041 = PRESENTATION_STYLE_ASSIGNMENT((#4042));
#4042 = SURFACE_STYLE_USAGE(.BOTH.,#4043);
#4043 = SURFACE_SIDE_STYLE('',(#4044));
#4044 = SURFACE_STYLE_FILL_AREA(#4045);
#4045 = FILL_AREA_STYLE('',(#4046));
#4046 = FILL_AREA_STYLE_COLOUR('',#4011);
#4047 = STYLED_ITEM('color',(#4048),#2177);
#4048 = PRESENTATION_STYLE_ASSIGNMENT((#4049));
#4049 = SURFACE_STYLE_USAGE(.BOTH.,#4050);
#4050 = SURFACE_SIDE_STYLE('',(#4051));
#4051 = SURFACE_STYLE_FILL_AREA(#4052);
#4052 = FILL_AREA_STYLE('',(#4053));
#4053 = FILL_AREA_STYLE_COLOUR('',#4011);
#4054 = STYLED_ITEM('color',(#4055),#2217);
#4055 = PRESENTATION_STYLE_ASSIGNMENT((#4056));
#4056 = SURFACE_STYLE_USAGE(.BOTH.,#4057);
#4057 = SURFACE_SIDE_STYLE('',(#4058));
#4058 = SURFACE_STYLE_FILL_AREA(#4059);
#4059 = FILL_AREA_STYLE('',(#4060));
#4060 = FILL_AREA_STYLE_COLOUR('',#4011);
#4061 = STYLED_ITEM('color',(#4062),#2241);
#4062 = PRESENTATION_STYLE_ASSIGNMENT((#4063));
#4063 = SURFACE_STYLE_USAGE(.BOTH.,#4064);
#4064 = SURFACE_SIDE_STYLE('',(#4065));
#4065 = SURFACE_STYLE_FILL_AREA(#4066);
#4066 = FILL_AREA_STYLE('',(#4067));
#4067 = FILL_AREA_STYLE_COLOUR('',#4011);
#4068 = STYLED_ITEM('color',(#4069),#2274);
#4069 = PRESENTATION_STYLE_ASSIGNMENT((#4070));
#4070 = SURFACE_STYLE_USAGE(.BOTH.,#4071);
#4071 = SURFACE_SIDE_STYLE('',(#4072));
#4072 = SURFACE_STYLE_FILL_AREA(#4073);
#4073 = FILL_AREA_STYLE('',(#4074));
#4074 = FILL_AREA_STYLE_COLOUR('',#4011);
#4075 = STYLED_ITEM('color',(#4076),#2314);
#4076 = PRESENTATION_STYLE_ASSIGNMENT((#4077));
#4077 = SURFACE_STYLE_USAGE(.BOTH.,#4078);
#4078 = SURFACE_SIDE_STYLE('',(#4079));
#4079 = SURFACE_STYLE_FILL_AREA(#4080);
#4080 = FILL_AREA_STYLE('',(#4081));
#4081 = FILL_AREA_STYLE_COLOUR('',#4011);
#4082 = STYLED_ITEM('color',(#4083),#2349);
#4083 = PRESENTATION_STYLE_ASSIGNMENT((#4084));
#4084 = SURFACE_STYLE_USAGE(.BOTH.,#4085);
#4085 = SURFACE_SIDE_STYLE('',(#4086));
#4086 = SURFACE_STYLE_FILL_AREA(#4087);
#4087 = FILL_AREA_STYLE('',(#4088));
#4088 = FILL_AREA_STYLE_COLOUR('',#4011);
#4089 = STYLED_ITEM('color',(#4090),#2382);
#4090 = PRESENTATION_STYLE_ASSIGNMENT((#4091));
#4091 = SURFACE_STYLE_USAGE(.BOTH.,#4092);
#4092 = SURFACE_SIDE_STYLE('',(#4093));
#4093 = SURFACE_STYLE_FILL_AREA(#4094);
#4094 = FILL_AREA_STYLE('',(#4095));
#4095 = FILL_AREA_STYLE_COLOUR('',#4011);
#4096 = STYLED_ITEM('color',(#4097),#2399);
#4097 = PRESENTATION_STYLE_ASSIGNMENT((#4098));
#4098 = SURFACE_STYLE_USAGE(.BOTH.,#4099);
#4099 = SURFACE_SIDE_STYLE('',(#4100));
#4100 = SURFACE_STYLE_FILL_AREA(#4101);
#4101 = FILL_AREA_STYLE('',(#4102));
#4102 = FILL_AREA_STYLE_COLOUR('',#4011);
#4103 = STYLED_ITEM('color',(#4104),#2456);
#4104 = PRESENTATION_STYLE_ASSIGNMENT((#4105));
#4105 = SURFACE_STYLE_USAGE(.BOTH.,#4106);
#4106 = SURFACE_SIDE_STYLE('',(#4107));
#4107 = SURFACE_STYLE_FILL_AREA(#4108);
#4108 = FILL_AREA_STYLE('',(#4109));
#4109 = FILL_AREA_STYLE_COLOUR('',#4011);
#4110 = STYLED_ITEM('color',(#4111),#2513);
#4111 = PRESENTATION_STYLE_ASSIGNMENT((#4112));
#4112 = SURFACE_STYLE_USAGE(.BOTH.,#4113);
#4113 = SURFACE_SIDE_STYLE('',(#4114));
#4114 = SURFACE_STYLE_FILL_AREA(#4115);
#4115 = FILL_AREA_STYLE('',(#4116));
#4116 = FILL_AREA_STYLE_COLOUR('',#4011);
#4117 = STYLED_ITEM('color',(#4118),#2570);
#4118 = PRESENTATION_STYLE_ASSIGNMENT((#4119));
#4119 = SURFACE_STYLE_USAGE(.BOTH.,#4120);
#4120 = SURFACE_SIDE_STYLE('',(#4121));
#4121 = SURFACE_STYLE_FILL_AREA(#4122);
#4122 = FILL_AREA_STYLE('',(#4123));
#4123 = FILL_AREA_STYLE_COLOUR('',#4011);
#4124 = STYLED_ITEM('color',(#4125),#2627);
#4125 = PRESENTATION_STYLE_ASSIGNMENT((#4126));
#4126 = SURFACE_STYLE_USAGE(.BOTH.,#4127);
#4127 = SURFACE_SIDE_STYLE('',(#4128));
#4128 = SURFACE_STYLE_FILL_AREA(#4129);
#4129 = FILL_AREA_STYLE('',(#4130));
#4130 = FILL_AREA_STYLE_COLOUR('',#4011);
#4131 = STYLED_ITEM('color',(#4132),#2644);
#4132 = PRESENTATION_STYLE_ASSIGNMENT((#4133));
#4133 = SURFACE_STYLE_USAGE(.BOTH.,#4134);
#4134 = SURFACE_SIDE_STYLE('',(#4135));
#4135 = SURFACE_STYLE_FILL_AREA(#4136);
#4136 = FILL_AREA_STYLE('',(#4137));
#4137 = FILL_AREA_STYLE_COLOUR('',#4011);
#4138 = STYLED_ITEM('color',(#4139),#2661);
#4139 = PRESENTATION_STYLE_ASSIGNMENT((#4140));
#4140 = SURFACE_STYLE_USAGE(.BOTH.,#4141);
#4141 = SURFACE_SIDE_STYLE('',(#4142));
#4142 = SURFACE_STYLE_FILL_AREA(#4143);
#4143 = FILL_AREA_STYLE('',(#4144));
#4144 = FILL_AREA_STYLE_COLOUR('',#4011);
#4145 = STYLED_ITEM('color',(#4146),#2718);
#4146 = PRESENTATION_STYLE_ASSIGNMENT((#4147));
#4147 = SURFACE_STYLE_USAGE(.BOTH.,#4148);
#4148 = SURFACE_SIDE_STYLE('',(#4149));
#4149 = SURFACE_STYLE_FILL_AREA(#4150);
#4150 = FILL_AREA_STYLE('',(#4151));
#4151 = FILL_AREA_STYLE_COLOUR('',#4011);
#4152 = STYLED_ITEM('color',(#4153),#2735);
#4153 = PRESENTATION_STYLE_ASSIGNMENT((#4154));
#4154 = SURFACE_STYLE_USAGE(.BOTH.,#4155);
#4155 = SURFACE_SIDE_STYLE('',(#4156));
#4156 = SURFACE_STYLE_FILL_AREA(#4157);
#4157 = FILL_AREA_STYLE('',(#4158));
#4158 = FILL_AREA_STYLE_COLOUR('',#4011);
#4159 = STYLED_ITEM('color',(#4160),#2752);
#4160 = PRESENTATION_STYLE_ASSIGNMENT((#4161));
#4161 = SURFACE_STYLE_USAGE(.BOTH.,#4162);
#4162 = SURFACE_SIDE_STYLE('',(#4163));
#4163 = SURFACE_STYLE_FILL_AREA(#4164);
#4164 = FILL_AREA_STYLE('',(#4165));
#4165 = FILL_AREA_STYLE_COLOUR('',#4011);
#4166 = STYLED_ITEM('color',(#4167),#2809);
#4167 = PRESENTATION_STYLE_ASSIGNMENT((#4168));
#4168 = SURFACE_STYLE_USAGE(.BOTH.,#4169);
#4169 = SURFACE_SIDE_STYLE('',(#4170));
#4170 = SURFACE_STYLE_FILL_AREA(#4171);
#4171 = FILL_AREA_STYLE('',(#4172));
#4172 = FILL_AREA_STYLE_COLOUR('',#4011);
#4173 = STYLED_ITEM('color',(#4174),#2826);
#4174 = PRESENTATION_STYLE_ASSIGNMENT((#4175));
#4175 = SURFACE_STYLE_USAGE(.BOTH.,#4176);
#4176 = SURFACE_SIDE_STYLE('',(#4177));
#4177 = SURFACE_STYLE_FILL_AREA(#4178);
#4178 = FILL_AREA_STYLE('',(#4179));
#4179 = FILL_AREA_STYLE_COLOUR('',#4011);
#4180 = STYLED_ITEM('color',(#4181),#2843);
#4181 = PRESENTATION_STYLE_ASSIGNMENT((#4182));
#4182 = SURFACE_STYLE_USAGE(.BOTH.,#4183);
#4183 = SURFACE_SIDE_STYLE('',(#4184));
#4184 = SURFACE_STYLE_FILL_AREA(#4185);
#4185 = FILL_AREA_STYLE('',(#4186));
#4186 = FILL_AREA_STYLE_COLOUR('',#4011);
#4187 = STYLED_ITEM('color',(#4188),#2871);
#4188 = PRESENTATION_STYLE_ASSIGNMENT((#4189));
#4189 = SURFACE_STYLE_USAGE(.BOTH.,#4190);
#4190 = SURFACE_SIDE_STYLE('',(#4191));
#4191 = SURFACE_STYLE_FILL_AREA(#4192);
#4192 = FILL_AREA_STYLE('',(#4193));
#4193 = FILL_AREA_STYLE_COLOUR('',#4011);
#4194 = STYLED_ITEM('color',(#4195),#2883);
#4195 = PRESENTATION_STYLE_ASSIGNMENT((#4196));
#4196 = SURFACE_STYLE_USAGE(.BOTH.,#4197);
#4197 = SURFACE_SIDE_STYLE('',(#4198));
#4198 = SURFACE_STYLE_FILL_AREA(#4199);
#4199 = FILL_AREA_STYLE('',(#4200));
#4200 = FILL_AREA_STYLE_COLOUR('',#4011);
#4201 = STYLED_ITEM('color',(#4202),#2900);
#4202 = PRESENTATION_STYLE_ASSIGNMENT((#4203));
#4203 = SURFACE_STYLE_USAGE(.BOTH.,#4204);
#4204 = SURFACE_SIDE_STYLE('',(#4205));
#4205 = SURFACE_STYLE_FILL_AREA(#4206);
#4206 = FILL_AREA_STYLE('',(#4207));
#4207 = FILL_AREA_STYLE_COLOUR('',#4011);
#4208 = STYLED_ITEM('color',(#4209),#2917);
#4209 = PRESENTATION_STYLE_ASSIGNMENT((#4210));
#4210 = SURFACE_STYLE_USAGE(.BOTH.,#4211);
#4211 = SURFACE_SIDE_STYLE('',(#4212));
#4212 = SURFACE_STYLE_FILL_AREA(#4213);
#4213 = FILL_AREA_STYLE('',(#4214));
#4214 = FILL_AREA_STYLE_COLOUR('',#4011);
#4215 = STYLED_ITEM('color',(#4216),#2934);
#4216 = PRESENTATION_STYLE_ASSIGNMENT((#4217));
#4217 = SURFACE_STYLE_USAGE(.BOTH.,#4218);
#4218 = SURFACE_SIDE_STYLE('',(#4219));
#4219 = SURFACE_STYLE_FILL_AREA(#4220);
#4220 = FILL_AREA_STYLE('',(#4221));
#4221 = FILL_AREA_STYLE_COLOUR('',#4011);
#4222 = STYLED_ITEM('color',(#4223),#2951);
#4223 = PRESENTATION_STYLE_ASSIGNMENT((#4224));
#4224 = SURFACE_STYLE_USAGE(.BOTH.,#4225);
#4225 = SURFACE_SIDE_STYLE('',(#4226));
#4226 = SURFACE_STYLE_FILL_AREA(#4227);
#4227 = FILL_AREA_STYLE('',(#4228));
#4228 = FILL_AREA_STYLE_COLOUR('',#4011);
#4229 = STYLED_ITEM('color',(#4230),#2963);
#4230 = PRESENTATION_STYLE_ASSIGNMENT((#4231));
#4231 = SURFACE_STYLE_USAGE(.BOTH.,#4232);
#4232 = SURFACE_SIDE_STYLE('',(#4233));
#4233 = SURFACE_STYLE_FILL_AREA(#4234);
#4234 = FILL_AREA_STYLE('',(#4235));
#4235 = FILL_AREA_STYLE_COLOUR('',#4011);
#4236 = STYLED_ITEM('color',(#4237),#2980);
#4237 = PRESENTATION_STYLE_ASSIGNMENT((#4238));
#4238 = SURFACE_STYLE_USAGE(.BOTH.,#4239);
#4239 = SURFACE_SIDE_STYLE('',(#4240));
#4240 = SURFACE_STYLE_FILL_AREA(#4241);
#4241 = FILL_AREA_STYLE('',(#4242));
#4242 = FILL_AREA_STYLE_COLOUR('',#4011);
#4243 = STYLED_ITEM('color',(#4244),#2997);
#4244 = PRESENTATION_STYLE_ASSIGNMENT((#4245));
#4245 = SURFACE_STYLE_USAGE(.BOTH.,#4246);
#4246 = SURFACE_SIDE_STYLE('',(#4247));
#4247 = SURFACE_STYLE_FILL_AREA(#4248);
#4248 = FILL_AREA_STYLE('',(#4249));
#4249 = FILL_AREA_STYLE_COLOUR('',#4011);
#4250 = STYLED_ITEM('color',(#4251),#3014);
#4251 = PRESENTATION_STYLE_ASSIGNMENT((#4252));
#4252 = SURFACE_STYLE_USAGE(.BOTH.,#4253);
#4253 = SURFACE_SIDE_STYLE('',(#4254));
#4254 = SURFACE_STYLE_FILL_AREA(#4255);
#4255 = FILL_AREA_STYLE('',(#4256));
#4256 = FILL_AREA_STYLE_COLOUR('',#4011);
#4257 = STYLED_ITEM('color',(#4258),#3026);
#4258 = PRESENTATION_STYLE_ASSIGNMENT((#4259));
#4259 = SURFACE_STYLE_USAGE(.BOTH.,#4260);
#4260 = SURFACE_SIDE_STYLE('',(#4261));
#4261 = SURFACE_STYLE_FILL_AREA(#4262);
#4262 = FILL_AREA_STYLE('',(#4263));
#4263 = FILL_AREA_STYLE_COLOUR('',#4011);
#4264 = STYLED_ITEM('color',(#4265),#3043);
#4265 = PRESENTATION_STYLE_ASSIGNMENT((#4266));
#4266 = SURFACE_STYLE_USAGE(.BOTH.,#4267);
#4267 = SURFACE_SIDE_STYLE('',(#4268));
#4268 = SURFACE_STYLE_FILL_AREA(#4269);
#4269 = FILL_AREA_STYLE('',(#4270));
#4270 = FILL_AREA_STYLE_COLOUR('',#4011);
#4271 = STYLED_ITEM('color',(#4272),#3060);
#4272 = PRESENTATION_STYLE_ASSIGNMENT((#4273));
#4273 = SURFACE_STYLE_USAGE(.BOTH.,#4274);
#4274 = SURFACE_SIDE_STYLE('',(#4275));
#4275 = SURFACE_STYLE_FILL_AREA(#4276);
#4276 = FILL_AREA_STYLE('',(#4277));
#4277 = FILL_AREA_STYLE_COLOUR('',#4011);
#4278 = STYLED_ITEM('color',(#4279),#3077);
#4279 = PRESENTATION_STYLE_ASSIGNMENT((#4280));
#4280 = SURFACE_STYLE_USAGE(.BOTH.,#4281);
#4281 = SURFACE_SIDE_STYLE('',(#4282));
#4282 = SURFACE_STYLE_FILL_AREA(#4283);
#4283 = FILL_AREA_STYLE('',(#4284));
#4284 = FILL_AREA_STYLE_COLOUR('',#4011);
#4285 = MECHANICAL_DESIGN_GEOMETRIC_PRESENTATION_REPRESENTATION('',(
    #4286,#4293,#4300,#4307,#4314,#4321,#4328,#4335,#4342,#4349,#4356,
    #4363,#4370,#4377,#4384,#4391,#4398,#4406,#4413,#4420,#4427,#4434,
    #4441,#4448,#4455,#4462,#4469,#4476,#4483,#4490,#4497,#4504,#4511,
    #4518,#4525,#4532,#4539,#4546,#4553,#4560,#4567,#4574,#4581,#4588,
    #4595,#4602,#4609,#4616,#4623,#4630,#4637,#4644),#1500);
#4286 = STYLED_ITEM('color',(#4287),#70);
#4287 = PRESENTATION_STYLE_ASSIGNMENT((#4288));
#4288 = SURFACE_STYLE_USAGE(.BOTH.,#4289);
#4289 = SURFACE_SIDE_STYLE('',(#4290));
#4290 = SURFACE_STYLE_FILL_AREA(#4291);
#4291 = FILL_AREA_STYLE('',(#4292));
#4292 = FILL_AREA_STYLE_COLOUR('',#3954);
#4293 = STYLED_ITEM('color',(#4294),#110);
#4294 = PRESENTATION_STYLE_ASSIGNMENT((#4295));
#4295 = SURFACE_STYLE_USAGE(.BOTH.,#4296);
#4296 = SURFACE_SIDE_STYLE('',(#4297));
#4297 = SURFACE_STYLE_FILL_AREA(#4298);
#4298 = FILL_AREA_STYLE('',(#4299));
#4299 = FILL_AREA_STYLE_COLOUR('',#3954);
#4300 = STYLED_ITEM('color',(#4301),#141);
#4301 = PRESENTATION_STYLE_ASSIGNMENT((#4302));
#4302 = SURFACE_STYLE_USAGE(.BOTH.,#4303);
#4303 = SURFACE_SIDE_STYLE('',(#4304));
#4304 = SURFACE_STYLE_FILL_AREA(#4305);
#4305 = FILL_AREA_STYLE('',(#4306));
#4306 = FILL_AREA_STYLE_COLOUR('',#3954);
#4307 = STYLED_ITEM('color',(#4308),#172);
#4308 = PRESENTATION_STYLE_ASSIGNMENT((#4309));
#4309 = SURFACE_STYLE_USAGE(.BOTH.,#4310);
#4310 = SURFACE_SIDE_STYLE('',(#4311));
#4311 = SURFACE_STYLE_FILL_AREA(#4312);
#4312 = FILL_AREA_STYLE('',(#4313));
#4313 = FILL_AREA_STYLE_COLOUR('',#3954);
#4314 = STYLED_ITEM('color',(#4315),#337);
#4315 = PRESENTATION_STYLE_ASSIGNMENT((#4316));
#4316 = SURFACE_STYLE_USAGE(.BOTH.,#4317);
#4317 = SURFACE_SIDE_STYLE('',(#4318));
#4318 = SURFACE_STYLE_FILL_AREA(#4319);
#4319 = FILL_AREA_STYLE('',(#4320));
#4320 = FILL_AREA_STYLE_COLOUR('',#3954);
#4321 = STYLED_ITEM('color',(#4322),#502);
#4322 = PRESENTATION_STYLE_ASSIGNMENT((#4323));
#4323 = SURFACE_STYLE_USAGE(.BOTH.,#4324);
#4324 = SURFACE_SIDE_STYLE('',(#4325));
#4325 = SURFACE_STYLE_FILL_AREA(#4326);
#4326 = FILL_AREA_STYLE('',(#4327));
#4327 = FILL_AREA_STYLE_COLOUR('',#3954);
#4328 = STYLED_ITEM('color',(#4329),#519);
#4329 = PRESENTATION_STYLE_ASSIGNMENT((#4330));
#4330 = SURFACE_STYLE_USAGE(.BOTH.,#4331);
#4331 = SURFACE_SIDE_STYLE('',(#4332));
#4332 = SURFACE_STYLE_FILL_AREA(#4333);
#4333 = FILL_AREA_STYLE('',(#4334));
#4334 = FILL_AREA_STYLE_COLOUR('',#3954);
#4335 = STYLED_ITEM('color',(#4336),#536);
#4336 = PRESENTATION_STYLE_ASSIGNMENT((#4337));
#4337 = SURFACE_STYLE_USAGE(.BOTH.,#4338);
#4338 = SURFACE_SIDE_STYLE('',(#4339));
#4339 = SURFACE_STYLE_FILL_AREA(#4340);
#4340 = FILL_AREA_STYLE('',(#4341));
#4341 = FILL_AREA_STYLE_COLOUR('',#3954);
#4342 = STYLED_ITEM('color',(#4343),#553);
#4343 = PRESENTATION_STYLE_ASSIGNMENT((#4344));
#4344 = SURFACE_STYLE_USAGE(.BOTH.,#4345);
#4345 = SURFACE_SIDE_STYLE('',(#4346));
#4346 = SURFACE_STYLE_FILL_AREA(#4347);
#4347 = FILL_AREA_STYLE('',(#4348));
#4348 = FILL_AREA_STYLE_COLOUR('',#3954);
#4349 = STYLED_ITEM('color',(#4350),#570);
#4350 = PRESENTATION_STYLE_ASSIGNMENT((#4351));
#4351 = SURFACE_STYLE_USAGE(.BOTH.,#4352);
#4352 = SURFACE_SIDE_STYLE('',(#4353));
#4353 = SURFACE_STYLE_FILL_AREA(#4354);
#4354 = FILL_AREA_STYLE('',(#4355));
#4355 = FILL_AREA_STYLE_COLOUR('',#3954);
#4356 = STYLED_ITEM('color',(#4357),#587);
#4357 = PRESENTATION_STYLE_ASSIGNMENT((#4358));
#4358 = SURFACE_STYLE_USAGE(.BOTH.,#4359);
#4359 = SURFACE_SIDE_STYLE('',(#4360));
#4360 = SURFACE_STYLE_FILL_AREA(#4361);
#4361 = FILL_AREA_STYLE('',(#4362));
#4362 = FILL_AREA_STYLE_COLOUR('',#3954);
#4363 = STYLED_ITEM('color',(#4364),#604);
#4364 = PRESENTATION_STYLE_ASSIGNMENT((#4365));
#4365 = SURFACE_STYLE_USAGE(.BOTH.,#4366);
#4366 = SURFACE_SIDE_STYLE('',(#4367));
#4367 = SURFACE_STYLE_FILL_AREA(#4368);
#4368 = FILL_AREA_STYLE('',(#4369));
#4369 = FILL_AREA_STYLE_COLOUR('',#3954);
#4370 = STYLED_ITEM('color',(#4371),#621);
#4371 = PRESENTATION_STYLE_ASSIGNMENT((#4372));
#4372 = SURFACE_STYLE_USAGE(.BOTH.,#4373);
#4373 = SURFACE_SIDE_STYLE('',(#4374));
#4374 = SURFACE_STYLE_FILL_AREA(#4375);
#4375 = FILL_AREA_STYLE('',(#4376));
#4376 = FILL_AREA_STYLE_COLOUR('',#3954);
#4377 = STYLED_ITEM('color',(#4378),#638);
#4378 = PRESENTATION_STYLE_ASSIGNMENT((#4379));
#4379 = SURFACE_STYLE_USAGE(.BOTH.,#4380);
#4380 = SURFACE_SIDE_STYLE('',(#4381));
#4381 = SURFACE_STYLE_FILL_AREA(#4382);
#4382 = FILL_AREA_STYLE('',(#4383));
#4383 = FILL_AREA_STYLE_COLOUR('',#3954);
#4384 = STYLED_ITEM('color',(#4385),#655);
#4385 = PRESENTATION_STYLE_ASSIGNMENT((#4386));
#4386 = SURFACE_STYLE_USAGE(.BOTH.,#4387);
#4387 = SURFACE_SIDE_STYLE('',(#4388));
#4388 = SURFACE_STYLE_FILL_AREA(#4389);
#4389 = FILL_AREA_STYLE('',(#4390));
#4390 = FILL_AREA_STYLE_COLOUR('',#3954);
#4391 = STYLED_ITEM('color',(#4392),#672);
#4392 = PRESENTATION_STYLE_ASSIGNMENT((#4393));
#4393 = SURFACE_STYLE_USAGE(.BOTH.,#4394);
#4394 = SURFACE_SIDE_STYLE('',(#4395));
#4395 = SURFACE_STYLE_FILL_AREA(#4396);
#4396 = FILL_AREA_STYLE('',(#4397));
#4397 = FILL_AREA_STYLE_COLOUR('',#3954);
#4398 = STYLED_ITEM('color',(#4399),#684);
#4399 = PRESENTATION_STYLE_ASSIGNMENT((#4400));
#4400 = SURFACE_STYLE_USAGE(.BOTH.,#4401);
#4401 = SURFACE_SIDE_STYLE('',(#4402));
#4402 = SURFACE_STYLE_FILL_AREA(#4403);
#4403 = FILL_AREA_STYLE('',(#4404));
#4404 = FILL_AREA_STYLE_COLOUR('',#4405);
#4405 = COLOUR_RGB('',0.859000020776,0.737999965183,0.495999988746);
#4406 = STYLED_ITEM('color',(#4407),#715);
#4407 = PRESENTATION_STYLE_ASSIGNMENT((#4408));
#4408 = SURFACE_STYLE_USAGE(.BOTH.,#4409);
#4409 = SURFACE_SIDE_STYLE('',(#4410));
#4410 = SURFACE_STYLE_FILL_AREA(#4411);
#4411 = FILL_AREA_STYLE('',(#4412));
#4412 = FILL_AREA_STYLE_COLOUR('',#4405);
#4413 = STYLED_ITEM('color',(#4414),#739);
#4414 = PRESENTATION_STYLE_ASSIGNMENT((#4415));
#4415 = SURFACE_STYLE_USAGE(.BOTH.,#4416);
#4416 = SURFACE_SIDE_STYLE('',(#4417));
#4417 = SURFACE_STYLE_FILL_AREA(#4418);
#4418 = FILL_AREA_STYLE('',(#4419));
#4419 = FILL_AREA_STYLE_COLOUR('',#4405);
#4420 = STYLED_ITEM('color',(#4421),#763);
#4421 = PRESENTATION_STYLE_ASSIGNMENT((#4422));
#4422 = SURFACE_STYLE_USAGE(.BOTH.,#4423);
#4423 = SURFACE_SIDE_STYLE('',(#4424));
#4424 = SURFACE_STYLE_FILL_AREA(#4425);
#4425 = FILL_AREA_STYLE('',(#4426));
#4426 = FILL_AREA_STYLE_COLOUR('',#4405);
#4427 = STYLED_ITEM('color',(#4428),#780);
#4428 = PRESENTATION_STYLE_ASSIGNMENT((#4429));
#4429 = SURFACE_STYLE_USAGE(.BOTH.,#4430);
#4430 = SURFACE_SIDE_STYLE('',(#4431));
#4431 = SURFACE_STYLE_FILL_AREA(#4432);
#4432 = FILL_AREA_STYLE('',(#4433));
#4433 = FILL_AREA_STYLE_COLOUR('',#4405);
#4434 = STYLED_ITEM('color',(#4435),#811);
#4435 = PRESENTATION_STYLE_ASSIGNMENT((#4436));
#4436 = SURFACE_STYLE_USAGE(.BOTH.,#4437);
#4437 = SURFACE_SIDE_STYLE('',(#4438));
#4438 = SURFACE_STYLE_FILL_AREA(#4439);
#4439 = FILL_AREA_STYLE('',(#4440));
#4440 = FILL_AREA_STYLE_COLOUR('',#4405);
#4441 = STYLED_ITEM('color',(#4442),#835);
#4442 = PRESENTATION_STYLE_ASSIGNMENT((#4443));
#4443 = SURFACE_STYLE_USAGE(.BOTH.,#4444);
#4444 = SURFACE_SIDE_STYLE('',(#4445));
#4445 = SURFACE_STYLE_FILL_AREA(#4446);
#4446 = FILL_AREA_STYLE('',(#4447));
#4447 = FILL_AREA_STYLE_COLOUR('',#4405);
#4448 = STYLED_ITEM('color',(#4449),#859);
#4449 = PRESENTATION_STYLE_ASSIGNMENT((#4450));
#4450 = SURFACE_STYLE_USAGE(.BOTH.,#4451);
#4451 = SURFACE_SIDE_STYLE('',(#4452));
#4452 = SURFACE_STYLE_FILL_AREA(#4453);
#4453 = FILL_AREA_STYLE('',(#4454));
#4454 = FILL_AREA_STYLE_COLOUR('',#4405);
#4455 = STYLED_ITEM('color',(#4456),#876);
#4456 = PRESENTATION_STYLE_ASSIGNMENT((#4457));
#4457 = SURFACE_STYLE_USAGE(.BOTH.,#4458);
#4458 = SURFACE_SIDE_STYLE('',(#4459));
#4459 = SURFACE_STYLE_FILL_AREA(#4460);
#4460 = FILL_AREA_STYLE('',(#4461));
#4461 = FILL_AREA_STYLE_COLOUR('',#4405);
#4462 = STYLED_ITEM('color',(#4463),#907);
#4463 = PRESENTATION_STYLE_ASSIGNMENT((#4464));
#4464 = SURFACE_STYLE_USAGE(.BOTH.,#4465);
#4465 = SURFACE_SIDE_STYLE('',(#4466));
#4466 = SURFACE_STYLE_FILL_AREA(#4467);
#4467 = FILL_AREA_STYLE('',(#4468));
#4468 = FILL_AREA_STYLE_COLOUR('',#4405);
#4469 = STYLED_ITEM('color',(#4470),#931);
#4470 = PRESENTATION_STYLE_ASSIGNMENT((#4471));
#4471 = SURFACE_STYLE_USAGE(.BOTH.,#4472);
#4472 = SURFACE_SIDE_STYLE('',(#4473));
#4473 = SURFACE_STYLE_FILL_AREA(#4474);
#4474 = FILL_AREA_STYLE('',(#4475));
#4475 = FILL_AREA_STYLE_COLOUR('',#4405);
#4476 = STYLED_ITEM('color',(#4477),#955);
#4477 = PRESENTATION_STYLE_ASSIGNMENT((#4478));
#4478 = SURFACE_STYLE_USAGE(.BOTH.,#4479);
#4479 = SURFACE_SIDE_STYLE('',(#4480));
#4480 = SURFACE_STYLE_FILL_AREA(#4481);
#4481 = FILL_AREA_STYLE('',(#4482));
#4482 = FILL_AREA_STYLE_COLOUR('',#4405);
#4483 = STYLED_ITEM('color',(#4484),#972);
#4484 = PRESENTATION_STYLE_ASSIGNMENT((#4485));
#4485 = SURFACE_STYLE_USAGE(.BOTH.,#4486);
#4486 = SURFACE_SIDE_STYLE('',(#4487));
#4487 = SURFACE_STYLE_FILL_AREA(#4488);
#4488 = FILL_AREA_STYLE('',(#4489));
#4489 = FILL_AREA_STYLE_COLOUR('',#4405);
#4490 = STYLED_ITEM('color',(#4491),#1003);
#4491 = PRESENTATION_STYLE_ASSIGNMENT((#4492));
#4492 = SURFACE_STYLE_USAGE(.BOTH.,#4493);
#4493 = SURFACE_SIDE_STYLE('',(#4494));
#4494 = SURFACE_STYLE_FILL_AREA(#4495);
#4495 = FILL_AREA_STYLE('',(#4496));
#4496 = FILL_AREA_STYLE_COLOUR('',#4405);
#4497 = STYLED_ITEM('color',(#4498),#1027);
#4498 = PRESENTATION_STYLE_ASSIGNMENT((#4499));
#4499 = SURFACE_STYLE_USAGE(.BOTH.,#4500);
#4500 = SURFACE_SIDE_STYLE('',(#4501));
#4501 = SURFACE_STYLE_FILL_AREA(#4502);
#4502 = FILL_AREA_STYLE('',(#4503));
#4503 = FILL_AREA_STYLE_COLOUR('',#4405);
#4504 = STYLED_ITEM('color',(#4505),#1051);
#4505 = PRESENTATION_STYLE_ASSIGNMENT((#4506));
#4506 = SURFACE_STYLE_USAGE(.BOTH.,#4507);
#4507 = SURFACE_SIDE_STYLE('',(#4508));
#4508 = SURFACE_STYLE_FILL_AREA(#4509);
#4509 = FILL_AREA_STYLE('',(#4510));
#4510 = FILL_AREA_STYLE_COLOUR('',#4405);
#4511 = STYLED_ITEM('color',(#4512),#1068);
#4512 = PRESENTATION_STYLE_ASSIGNMENT((#4513));
#4513 = SURFACE_STYLE_USAGE(.BOTH.,#4514);
#4514 = SURFACE_SIDE_STYLE('',(#4515));
#4515 = SURFACE_STYLE_FILL_AREA(#4516);
#4516 = FILL_AREA_STYLE('',(#4517));
#4517 = FILL_AREA_STYLE_COLOUR('',#4405);
#4518 = STYLED_ITEM('color',(#4519),#1099);
#4519 = PRESENTATION_STYLE_ASSIGNMENT((#4520));
#4520 = SURFACE_STYLE_USAGE(.BOTH.,#4521);
#4521 = SURFACE_SIDE_STYLE('',(#4522));
#4522 = SURFACE_STYLE_FILL_AREA(#4523);
#4523 = FILL_AREA_STYLE('',(#4524));
#4524 = FILL_AREA_STYLE_COLOUR('',#4405);
#4525 = STYLED_ITEM('color',(#4526),#1123);
#4526 = PRESENTATION_STYLE_ASSIGNMENT((#4527));
#4527 = SURFACE_STYLE_USAGE(.BOTH.,#4528);
#4528 = SURFACE_SIDE_STYLE('',(#4529));
#4529 = SURFACE_STYLE_FILL_AREA(#4530);
#4530 = FILL_AREA_STYLE('',(#4531));
#4531 = FILL_AREA_STYLE_COLOUR('',#4405);
#4532 = STYLED_ITEM('color',(#4533),#1147);
#4533 = PRESENTATION_STYLE_ASSIGNMENT((#4534));
#4534 = SURFACE_STYLE_USAGE(.BOTH.,#4535);
#4535 = SURFACE_SIDE_STYLE('',(#4536));
#4536 = SURFACE_STYLE_FILL_AREA(#4537);
#4537 = FILL_AREA_STYLE('',(#4538));
#4538 = FILL_AREA_STYLE_COLOUR('',#4405);
#4539 = STYLED_ITEM('color',(#4540),#1164);
#4540 = PRESENTATION_STYLE_ASSIGNMENT((#4541));
#4541 = SURFACE_STYLE_USAGE(.BOTH.,#4542);
#4542 = SURFACE_SIDE_STYLE('',(#4543));
#4543 = SURFACE_STYLE_FILL_AREA(#4544);
#4544 = FILL_AREA_STYLE('',(#4545));
#4545 = FILL_AREA_STYLE_COLOUR('',#4405);
#4546 = STYLED_ITEM('color',(#4547),#1195);
#4547 = PRESENTATION_STYLE_ASSIGNMENT((#4548));
#4548 = SURFACE_STYLE_USAGE(.BOTH.,#4549);
#4549 = SURFACE_SIDE_STYLE('',(#4550));
#4550 = SURFACE_STYLE_FILL_AREA(#4551);
#4551 = FILL_AREA_STYLE('',(#4552));
#4552 = FILL_AREA_STYLE_COLOUR('',#4405);
#4553 = STYLED_ITEM('color',(#4554),#1219);
#4554 = PRESENTATION_STYLE_ASSIGNMENT((#4555));
#4555 = SURFACE_STYLE_USAGE(.BOTH.,#4556);
#4556 = SURFACE_SIDE_STYLE('',(#4557));
#4557 = SURFACE_STYLE_FILL_AREA(#4558);
#4558 = FILL_AREA_STYLE('',(#4559));
#4559 = FILL_AREA_STYLE_COLOUR('',#4405);
#4560 = STYLED_ITEM('color',(#4561),#1243);
#4561 = PRESENTATION_STYLE_ASSIGNMENT((#4562));
#4562 = SURFACE_STYLE_USAGE(.BOTH.,#4563);
#4563 = SURFACE_SIDE_STYLE('',(#4564));
#4564 = SURFACE_STYLE_FILL_AREA(#4565);
#4565 = FILL_AREA_STYLE('',(#4566));
#4566 = FILL_AREA_STYLE_COLOUR('',#4405);
#4567 = STYLED_ITEM('color',(#4568),#1260);
#4568 = PRESENTATION_STYLE_ASSIGNMENT((#4569));
#4569 = SURFACE_STYLE_USAGE(.BOTH.,#4570);
#4570 = SURFACE_SIDE_STYLE('',(#4571));
#4571 = SURFACE_STYLE_FILL_AREA(#4572);
#4572 = FILL_AREA_STYLE('',(#4573));
#4573 = FILL_AREA_STYLE_COLOUR('',#4405);
#4574 = STYLED_ITEM('color',(#4575),#1291);
#4575 = PRESENTATION_STYLE_ASSIGNMENT((#4576));
#4576 = SURFACE_STYLE_USAGE(.BOTH.,#4577);
#4577 = SURFACE_SIDE_STYLE('',(#4578));
#4578 = SURFACE_STYLE_FILL_AREA(#4579);
#4579 = FILL_AREA_STYLE('',(#4580));
#4580 = FILL_AREA_STYLE_COLOUR('',#4405);
#4581 = STYLED_ITEM('color',(#4582),#1315);
#4582 = PRESENTATION_STYLE_ASSIGNMENT((#4583));
#4583 = SURFACE_STYLE_USAGE(.BOTH.,#4584);
#4584 = SURFACE_SIDE_STYLE('',(#4585));
#4585 = SURFACE_STYLE_FILL_AREA(#4586);
#4586 = FILL_AREA_STYLE('',(#4587));
#4587 = FILL_AREA_STYLE_COLOUR('',#4405);
#4588 = STYLED_ITEM('color',(#4589),#1339);
#4589 = PRESENTATION_STYLE_ASSIGNMENT((#4590));
#4590 = SURFACE_STYLE_USAGE(.BOTH.,#4591);
#4591 = SURFACE_SIDE_STYLE('',(#4592));
#4592 = SURFACE_STYLE_FILL_AREA(#4593);
#4593 = FILL_AREA_STYLE('',(#4594));
#4594 = FILL_AREA_STYLE_COLOUR('',#4405);
#4595 = STYLED_ITEM('color',(#4596),#1356);
#4596 = PRESENTATION_STYLE_ASSIGNMENT((#4597));
#4597 = SURFACE_STYLE_USAGE(.BOTH.,#4598);
#4598 = SURFACE_SIDE_STYLE('',(#4599));
#4599 = SURFACE_STYLE_FILL_AREA(#4600);
#4600 = FILL_AREA_STYLE('',(#4601));
#4601 = FILL_AREA_STYLE_COLOUR('',#4405);
#4602 = STYLED_ITEM('color',(#4603),#1387);
#4603 = PRESENTATION_STYLE_ASSIGNMENT((#4604));
#4604 = SURFACE_STYLE_USAGE(.BOTH.,#4605);
#4605 = SURFACE_SIDE_STYLE('',(#4606));
#4606 = SURFACE_STYLE_FILL_AREA(#4607);
#4607 = FILL_AREA_STYLE('',(#4608));
#4608 = FILL_AREA_STYLE_COLOUR('',#4405);
#4609 = STYLED_ITEM('color',(#4610),#1411);
#4610 = PRESENTATION_STYLE_ASSIGNMENT((#4611));
#4611 = SURFACE_STYLE_USAGE(.BOTH.,#4612);
#4612 = SURFACE_SIDE_STYLE('',(#4613));
#4613 = SURFACE_STYLE_FILL_AREA(#4614);
#4614 = FILL_AREA_STYLE('',(#4615));
#4615 = FILL_AREA_STYLE_COLOUR('',#4405);
#4616 = STYLED_ITEM('color',(#4617),#1435);
#4617 = PRESENTATION_STYLE_ASSIGNMENT((#4618));
#4618 = SURFACE_STYLE_USAGE(.BOTH.,#4619);
#4619 = SURFACE_SIDE_STYLE('',(#4620));
#4620 = SURFACE_STYLE_FILL_AREA(#4621);
#4621 = FILL_AREA_STYLE('',(#4622));
#4622 = FILL_AREA_STYLE_COLOUR('',#4405);
#4623 = STYLED_ITEM('color',(#4624),#1452);
#4624 = PRESENTATION_STYLE_ASSIGNMENT((#4625));
#4625 = SURFACE_STYLE_USAGE(.BOTH.,#4626);
#4626 = SURFACE_SIDE_STYLE('',(#4627));
#4627 = SURFACE_STYLE_FILL_AREA(#4628);
#4628 = FILL_AREA_STYLE('',(#4629));
#4629 = FILL_AREA_STYLE_COLOUR('',#4405);
#4630 = STYLED_ITEM('color',(#4631),#1464);
#4631 = PRESENTATION_STYLE_ASSIGNMENT((#4632));
#4632 = SURFACE_STYLE_USAGE(.BOTH.,#4633);
#4633 = SURFACE_SIDE_STYLE('',(#4634));
#4634 = SURFACE_STYLE_FILL_AREA(#4635);
#4635 = FILL_AREA_STYLE('',(#4636));
#4636 = FILL_AREA_STYLE_COLOUR('',#4405);
#4637 = STYLED_ITEM('color',(#4638),#1476);
#4638 = PRESENTATION_STYLE_ASSIGNMENT((#4639));
#4639 = SURFACE_STYLE_USAGE(.BOTH.,#4640);
#4640 = SURFACE_SIDE_STYLE('',(#4641));
#4641 = SURFACE_STYLE_FILL_AREA(#4642);
#4642 = FILL_AREA_STYLE('',(#4643));
#4643 = FILL_AREA_STYLE_COLOUR('',#4405);
#4644 = STYLED_ITEM('color',(#4645),#1488);
#4645 = PRESENTATION_STYLE_ASSIGNMENT((#4646));
#4646 = SURFACE_STYLE_USAGE(.BOTH.,#4647);
#4647 = SURFACE_SIDE_STYLE('',(#4648));
#4648 = SURFACE_STYLE_FILL_AREA(#4649);
#4649 = FILL_AREA_STYLE('',(#4650));
#4650 = FILL_AREA_STYLE_COLOUR('',#4405);
ENDSEC;
END-ISO-10303-21;
